time_stats.attn_input_reshape.min,time_stats.attn_input_reshape.max,time_stats.attn_input_reshape.mean,time_stats.attn_input_reshape.median,time_stats.attn_input_reshape.std,time_stats.attn_input_reshape.count,time_stats.attn_kv_cache_save.min,time_stats.attn_kv_cache_save.max,time_stats.attn_kv_cache_save.mean,time_stats.attn_kv_cache_save.median,time_stats.attn_kv_cache_save.std,time_stats.attn_kv_cache_save.count,time_stats.attn_prefill.min,time_stats.attn_prefill.max,time_stats.attn_prefill.mean,time_stats.attn_prefill.median,time_stats.attn_prefill.std,time_stats.attn_prefill.count,time_stats.attn_decode.min,time_stats.attn_decode.max,time_stats.attn_decode.mean,time_stats.attn_decode.median,time_stats.attn_decode.std,time_stats.attn_decode.count,time_stats.attn_output_reshape.min,time_stats.attn_output_reshape.max,time_stats.attn_output_reshape.mean,time_stats.attn_output_reshape.median,time_stats.attn_output_reshape.std,time_stats.attn_output_reshape.count,n_embd,n_q_head,n_kv_head,block_size,num_tensor_parallel_workers,max_model_len,attention_backend,prefill_seq_lens,prefill_kv_cache_sizes,decode_kv_cache_sizes,num_prefill_seqs,num_decode_seqs,decode_batch_size,total_batch_size,total_prefill_tokens,total_decode_tokens,total_tokens,decode_avg_kv_cache_size,batch_composition_ratio,mode,is_true_mixed_batch,is_mixed_batch,is_prefill,batch_size,prefill_chunk_size,kv_cache_size,is_chunked_prefill_sample,chunk_start_token,chunk_end_token,profiling_precision,measurement_type,model_arch,model_architecture_profile,quant_signature
0.0041600000113248825,0.01152000017464161,0.005807999987155199,0.004279999993741512,0.002867908040133498,5,0.017999999225139618,0.025800000876188278,0.019703999906778336,0.018279999494552612,0.0030516203978541217,5,5.37392520904541,5.469604969024658,5.406229496002197,5.3977251052856445,0.03335998212456685,5,0.11428000032901764,0.11504100263118744,0.11470420062541961,0.11472000181674957,0.0003086069946751072,5,0.0041600000113248825,0.004360000137239695,0.004279999993741512,0.004279999993741512,6.693281086764991e-05,5,2880,64,8,32,8,9216,TORCH_SDPA,[8192],[0],[3072],1,1,1,2,8192,1,8193,3072,0.5,true_mixed,True,False,True,2,0,0,False,0,0,BF16,CUDA_EVENT,generic,generic,none
0.00419999985024333,0.00839999970048666,0.005103999841958284,0.00431999983265996,0.00164858235047331,5,0.018079999834299088,0.028599999845027924,0.02027999982237816,0.018279999494552612,0.004160692257633676,5,5.382686138153076,5.427245140075684,5.4018854141235355,5.400684833526611,0.016243300034442666,5,0.11727999895811081,0.11872000247240067,0.11780800074338912,0.11744000017642975,0.0005715385390672123,5,0.0041600000113248825,0.004279999993741512,0.004232000000774861,0.004240000154823065,4.664763494375637e-05,5,2880,64,8,32,8,9216,TORCH_SDPA,[8192],[0],"[3072, 3072]",1,2,2,3,8192,2,8194,3072,0.3333333333333333,true_mixed,True,False,True,3,0,0,False,0,0,BF16,CUDA_EVENT,generic,generic,none
0.004399999976158142,0.010479999706149101,0.00563999991863966,0.00443999981507659,0.002420181705574709,5,0.01775999926030636,0.06651999801397324,0.027695999294519425,0.018120000138878822,0.019412978112380085,5,5.342126846313477,5.438127040863037,5.378551292419433,5.3712477684021,0.032739901382715014,5,0.06040000170469284,0.061441000550985336,0.06084820032119751,0.06072000041604042,0.0003809630264770878,5,0.004360000137239695,0.00443999981507659,0.004399999976158142,0.004399999976158142,2.5298119404428044e-05,5,2880,64,8,32,8,9216,TORCH_SDPA,[8192],[0],[1024],1,1,1,2,8192,1,8193,1024,0.5,true_mixed,True,False,True,2,0,0,False,0,0,BF16,CUDA_EVENT,generic,generic,none
0.004480000119656324,0.009479999542236328,0.005503999907523394,0.004519999958574772,0.0019882211312431453,5,0.018160000443458557,0.039159998297691345,0.022815999761223792,0.018799999728798866,0.008181093569638986,5,5.357967853546143,5.448008060455322,5.385688018798828,5.372488021850586,0.03254161327295378,5,0.14003999531269073,0.14103999733924866,0.1405124008655548,0.14040100574493408,0.00043308041844803194,5,0.004480000119656324,0.004679999779909849,0.0045679999515414235,0.004519999958574772,7.756278630471791e-05,5,2880,64,8,32,8,9216,TORCH_SDPA,[8192],[0],[4096],1,1,1,2,8192,1,8193,4096,0.5,true_mixed,True,False,True,2,0,0,False,0,0,BF16,CUDA_EVENT,generic,generic,none
0.0041600000113248825,0.007120000198483467,0.004800000041723251,0.004240000154823065,0.001160689529485169,5,0.018160000443458557,0.02831999957561493,0.020399999618530274,0.018479999154806137,0.003964320832884565,5,5.371286869049072,5.422926902770996,5.401951026916504,5.40520715713501,0.01825401937530638,5,0.11980000138282776,0.12092000246047974,0.12015199959278107,0.11987999826669693,0.00041906659947150624,5,0.00419999985024333,0.004360000137239695,0.0042720000259578225,0.004279999993741512,5.306606375125428e-05,5,2880,64,8,32,8,9216,TORCH_SDPA,[8192],[0],"[3072, 3072, 3072, 3072]",1,4,4,5,8192,4,8196,3072,0.2,true_mixed,True,False,True,5,0,0,False,0,0,BF16,CUDA_EVENT,generic,generic,none
0.004360000137239695,0.007120000198483467,0.005488000065088272,0.005400000140070915,0.0010563030053383515,5,0.018160000443458557,0.06936000287532806,0.028800000622868537,0.018559999763965607,0.020284836832334577,5,5.370889186859131,5.448808193206787,5.391792488098145,5.376607894897461,0.029108100505120915,5,0.06176000088453293,0.06244000047445297,0.06209600046277046,0.06216000020503998,0.0002460569123442233,5,0.004360000137239695,0.004519999958574772,0.004431999940425158,0.00443999981507659,5.306593738933737e-05,5,2880,64,8,32,8,9216,TORCH_SDPA,[8192],[0],"[1024, 1024]",1,2,2,3,8192,2,8194,1024,0.3333333333333333,true_mixed,True,False,True,3,0,0,False,0,0,BF16,CUDA_EVENT,generic,generic,none
0.004399999976158142,0.004639999940991402,0.004511999897658825,0.004519999958574772,8.541662222298434e-05,5,0.018200000748038292,0.04083999991416931,0.023271999880671503,0.01907999999821186,0.008794667478110989,5,5.372167110443115,5.414766788482666,5.394678974151612,5.394927024841309,0.014409628412167422,5,0.1435610055923462,0.1462409943342209,0.14421699941158295,0.14376099407672882,0.0010152726422834066,5,0.00443999981507659,0.004639999940991402,0.004528000019490719,0.004480000119656324,7.756289196924024e-05,5,2880,64,8,32,8,9216,TORCH_SDPA,[8192],[0],"[4096, 4096]",1,2,2,3,8192,2,8194,4096,0.3333333333333333,true_mixed,True,False,True,3,0,0,False,0,0,BF16,CUDA_EVENT,generic,generic,none
0.004399999976158142,0.005760000087320805,0.004695999994874,0.00443999981507659,0.000532826474011332,5,0.01775999926030636,0.06496100127696991,0.02873620018362999,0.01868000067770481,0.01823949602290064,5,5.385087013244629,5.405607223510742,5.396358776092529,5.39760684967041,0.006662966286146505,5,0.12240000069141388,0.12347999960184097,0.12300019860267639,0.1231599971652031,0.00041165025935308773,5,0.004360000137239695,0.004480000119656324,0.004440000001341105,0.00443999981507659,4.381779818013822e-05,5,2880,64,8,32,8,9216,TORCH_SDPA,[8192],[0],"[3072, 3072, 3072, 3072, 3072, 3072, 3072, 3072]",1,8,8,9,8192,8,8200,3072,0.1111111111111111,true_mixed,True,False,True,9,0,0,False,0,0,BF16,CUDA_EVENT,generic,generic,none
0.004399999976158142,0.012719999998807907,0.006111999973654747,0.004480000119656324,0.0033042421347596013,5,0.018519999459385872,0.07756000012159348,0.03118400014936924,0.019440000876784325,0.023220564690077987,5,5.3452467918396,5.396448135375977,5.3658956527709964,5.3619279861450195,0.01679990679051532,5,0.06347999721765518,0.06524000316858292,0.06430399864912033,0.06443999707698822,0.0005973830247778174,5,0.004399999976158142,0.004519999958574772,0.004440000001341105,0.004399999976158142,5.0596459691431135e-05,5,2880,64,8,32,8,9216,TORCH_SDPA,[8192],[0],"[1024, 1024, 1024, 1024]",1,4,4,5,8192,4,8196,1024,0.2,true_mixed,True,False,True,5,0,0,False,0,0,BF16,CUDA_EVENT,generic,generic,none
0.004360000137239695,0.004840000066906214,0.004552000015974045,0.004519999958574772,0.00015879544579024355,5,0.018079999834299088,0.03604000061750412,0.022376000136137008,0.01868000067770481,0.00691287977288043,5,5.360167980194092,5.404047966003418,5.3787760734558105,5.379648208618164,0.01602002668992629,5,0.14552000164985657,0.1467200070619583,0.14625620245933532,0.14640000462532043,0.00039967380555772233,5,0.004519999958574772,0.005080000031739473,0.004679999966174364,0.004600000102072954,0.0002039608176284583,5,2880,64,8,32,8,9216,TORCH_SDPA,[8192],[0],"[4096, 4096, 4096, 4096]",1,4,4,5,8192,4,8196,4096,0.2,true_mixed,True,False,True,5,0,0,False,0,0,BF16,CUDA_EVENT,generic,generic,none
0.0041600000113248825,0.00791999977082014,0.004951999988406897,0.004240000154823065,0.001484296358949102,5,0.01844000071287155,0.04307999834418297,0.023503999412059783,0.018719999119639397,0.009788730941512615,5,5.355967044830322,5.436286926269531,5.392783164978027,5.3913679122924805,0.026469854456773974,5,0.08516000211238861,0.08607999980449677,0.08556800037622452,0.08540000021457672,0.0003282918567930051,5,0.004240000154823065,0.00431999983265996,0.004279999993741512,0.004279999993741512,3.577694356427611e-05,5,2880,64,8,32,8,9216,TORCH_SDPA,[8192],[0],[2048],1,1,1,2,8192,1,8193,2048,0.5,true_mixed,True,False,True,2,0,0,False,0,0,BF16,CUDA_EVENT,generic,generic,none
0.004399999976158142,0.007840000092983246,0.005119999963790178,0.00443999981507659,0.0013602353391963318,5,0.018039999529719353,0.0772399976849556,0.030055999383330347,0.018319999799132347,0.023592846881836032,5,5.399046897888184,5.490205764770508,5.4219342231750485,5.407646179199219,0.034350684079033925,5,0.13731999695301056,0.1393599957227707,0.1381361961364746,0.1380009949207306,0.0007040514842751394,5,0.004360000137239695,0.004519999958574772,0.004456000030040741,0.004480000119656324,5.4258613605923594e-05,5,2880,64,8,32,8,9216,TORCH_SDPA,[8192],[0],"[3072, 3072, 3072, 3072, 3072, 3072, 3072, 3072, 3072, 3072, 3072, 3072, 3072, 3072, 3072, 3072]",1,16,16,17,8192,16,8208,3072,0.058823529411764705,true_mixed,True,False,True,17,0,0,False,0,0,BF16,CUDA_EVENT,generic,generic,none
0.00431999983265996,0.012280000373721123,0.006015999987721443,0.004480000119656324,0.0031329579012361465,5,0.01844000071287155,0.05711999908089638,0.02635199949145317,0.018719999119639397,0.015385050195580919,5,5.335328102111816,5.522047996520996,5.3953756332397464,5.373167991638184,0.06505491080798019,5,0.0652410015463829,0.06763999909162521,0.06603220105171204,0.06548000127077103,0.000919096611568059,5,0.004360000137239695,0.004480000119656324,0.004416000004857779,0.004399999976158142,4.079213795521706e-05,5,2880,64,8,32,8,9216,TORCH_SDPA,[8192],[0],"[1024, 1024, 1024, 1024, 1024, 1024, 1024, 1024]",1,8,8,9,8192,8,8200,1024,0.1111111111111111,true_mixed,True,False,True,9,0,0,False,0,0,BF16,CUDA_EVENT,generic,generic,none
0.00443999981507659,0.004519999958574772,0.004480000026524067,0.004480000119656324,2.529826665971379e-05,5,0.018519999459385872,0.04264000058174133,0.02362399995326996,0.01892000064253807,0.009510805958277751,5,5.367969036102295,5.43668794631958,5.3908562660217285,5.383408069610596,0.02366516277234371,5,0.15292100608348846,0.15751999616622925,0.1552484005689621,0.1547199934720993,0.0018637141581735537,5,0.004519999958574772,0.004639999940991402,0.0045679999515414235,0.004559999797493219,4.664763494375637e-05,5,2880,64,8,32,8,9216,TORCH_SDPA,[8192],[0],"[4096, 4096, 4096, 4096, 4096, 4096, 4096, 4096]",1,8,8,9,8192,8,8200,4096,0.1111111111111111,true_mixed,True,False,True,9,0,0,False,0,0,BF16,CUDA_EVENT,generic,generic,none
0.004360000137239695,0.005520000122487545,0.00462400009855628,0.004399999976158142,0.00045013776797614153,5,0.01844000071287155,0.07772000133991241,0.030832000076770782,0.018959999084472656,0.023454663609306266,5,5.377847194671631,5.436165809631348,5.406950855255127,5.408327102661133,0.022622368523086377,5,0.16259999573230743,0.1637209951877594,0.16308019757270814,0.16279999911785126,0.0004795991748079263,5,0.004360000137239695,0.004559999797493219,0.004439999908208847,0.00443999981507659,6.693269955329282e-05,5,2880,64,8,32,8,9216,TORCH_SDPA,[8192],[0],"[3072, 3072, 3072, 3072, 3072, 3072, 3072, 3072, 3072, 3072, 3072, 3072, 3072, 3072, 3072, 3072, 3072, 3072, 3072, 3072, 3072, 3072, 3072, 3072, 3072, 3072, 3072, 3072, 3072, 3072, 3072, 3072]",1,32,32,33,8192,32,8224,3072,0.030303030303030304,true_mixed,True,False,True,33,0,0,False,0,0,BF16,CUDA_EVENT,generic,generic,none
0.004399999976158142,0.0055599999614059925,0.004680000059306621,0.004480000119656324,0.00044108951514141106,5,0.01868000067770481,0.02687999978661537,0.02048799991607666,0.018880000337958336,0.003203038484712305,5,5.34284782409668,5.419727802276611,5.376799869537353,5.374407768249512,0.02510099883258894,5,0.08923999965190887,0.09120099991559982,0.09035219997167587,0.09068000316619873,0.0007221878294317979,5,0.00431999983265996,0.004519999958574772,0.004423999972641468,0.004399999976158142,6.974244409748297e-05,5,2880,64,8,32,8,9216,TORCH_SDPA,[8192],[0],"[2048, 2048]",1,2,2,3,8192,2,8194,2048,0.3333333333333333,true_mixed,True,False,True,3,0,0,False,0,0,BF16,CUDA_EVENT,generic,generic,none
0.00431999983265996,0.01107999961823225,0.0057439998723566536,0.00443999981507659,0.0026685245603604675,5,0.017960000783205032,0.027400000020861626,0.02019200026988983,0.018400000408291817,0.0036147607077354283,5,5.360406875610352,5.424567222595215,5.387903308868408,5.385968208312988,0.02100048887782861,5,0.16648000478744507,0.17128099501132965,0.16824019849300384,0.166920006275177,0.0019535207199966125,5,0.00443999981507659,0.004800000227987766,0.004535999987274409,0.004480000119656324,0.00013529240873926722,5,2880,64,8,32,8,9216,TORCH_SDPA,[8192],[0],[5120],1,1,1,2,8192,1,8193,5120,0.5,true_mixed,True,False,True,2,0,0,False,0,0,BF16,CUDA_EVENT,generic,generic,none
0.004399999976158142,0.004480000119656324,0.004431999940425158,0.00443999981507659,2.9933287895859092e-05,5,0.018279999494552612,0.032760001718997955,0.021272000297904013,0.018319999799132347,0.005745838866152112,5,5.365128040313721,5.3983259201049805,5.385047245025635,5.397327899932861,0.0157986201413626,5,0.06800000369548798,0.06911999732255936,0.06835200041532516,0.06824000179767609,0.00040031803666192137,5,0.00431999983265996,0.004399999976158142,0.0043439999222755436,0.00431999983265996,3.2000080682464336e-05,5,2880,64,8,32,8,9216,TORCH_SDPA,[8192],[0],"[1024, 1024, 1024, 1024, 1024, 1024, 1024, 1024, 1024, 1024, 1024, 1024, 1024, 1024, 1024, 1024]",1,16,16,17,8192,16,8208,1024,0.058823529411764705,true_mixed,True,False,True,17,0,0,False,0,0,BF16,CUDA_EVENT,generic,generic,none
0.004360000137239695,0.004720000084489584,0.004519999958574772,0.004519999958574772,0.00012132600979709903,5,0.018120000138878822,0.03255999833345413,0.021327999979257585,0.01868000067770481,0.00562800913175636,5,5.371728897094727,5.394049167633057,5.386296558380127,5.390607833862305,0.008111636865097053,5,0.1703599989414215,0.17204099893569946,0.17096839845180511,0.17083999514579773,0.000573474715987901,5,0.00443999981507659,0.004639999940991402,0.0045679999515414235,0.004600000102072954,7.756293039261637e-05,5,2880,64,8,32,8,9216,TORCH_SDPA,[8192],[0],"[4096, 4096, 4096, 4096, 4096, 4096, 4096, 4096, 4096, 4096, 4096, 4096, 4096, 4096, 4096, 4096]",1,16,16,17,8192,16,8208,4096,0.058823529411764705,true_mixed,True,False,True,17,0,0,False,0,0,BF16,CUDA_EVENT,generic,generic,none
0.004399999976158142,0.008919999934732914,0.005319999903440476,0.00443999981507659,0.0018000889016237752,5,0.018279999494552612,0.027400000020861626,0.020367999747395515,0.01875999942421913,0.003521308989775057,5,5.341166973114014,5.3979268074035645,5.379415130615234,5.381608009338379,0.020696720246266804,5,0.1907999962568283,0.1926800012588501,0.19185619950294494,0.191881000995636,0.0006638626558441356,5,0.004399999976158142,0.004519999958574772,0.004431999940425158,0.004399999976158142,4.6647602999600904e-05,5,2880,64,8,32,8,9216,TORCH_SDPA,[8192],[0],[6144],1,1,1,2,8192,1,8193,6144,0.5,true_mixed,True,False,True,2,0,0,False,0,0,BF16,CUDA_EVENT,generic,generic,none
0.004360000137239695,0.033799998462200165,0.01030399976298213,0.004480000119656324,0.011748091279848124,5,0.018360000103712082,0.07608000189065933,0.030552000179886817,0.01899999938905239,0.022775614478586524,5,5.397287845611572,5.68212890625,5.467080211639404,5.414728164672852,0.1083823784958654,5,0.26892000436782837,0.2714399993419647,0.27023239731788634,0.27035999298095703,0.0010937994574531542,5,0.004399999976158142,0.004480000119656324,0.004423999972641468,0.004399999976158142,3.200003411633561e-05,5,2880,64,8,32,8,9216,TORCH_SDPA,[8192],[0],"[3072, 3072, 3072, 3072, 3072, 3072, 3072, 3072, 3072, 3072, 3072, 3072, 3072, 3072, 3072, 3072, 3072, 3072, 3072, 3072, 3072, 3072, 3072, 3072, 3072, 3072, 3072, 3072, 3072, 3072, 3072, 3072, 3072, 3072, 3072, 3072, 3072, 3072, 3072, 3072, 3072, 3072, 3072, 3072, 3072, 3072, 3072, 3072]",1,48,48,49,8192,48,8240,3072,0.02040816326530612,true_mixed,True,False,True,49,0,0,False,0,0,BF16,CUDA_EVENT,generic,generic,none
0.004399999976158142,0.012000000104308128,0.005951999966055155,0.00443999981507659,0.003024317512681883,5,0.018039999529719353,0.04383999854326248,0.023495999351143836,0.018719999119639397,0.010176320339196712,5,5.368406772613525,5.491208076477051,5.402591514587402,5.389567852020264,0.04545484102434432,5,0.0907600000500679,0.0918010026216507,0.09147219955921174,0.09167999774217606,0.00037489641214034626,5,0.004399999976158142,0.004600000102072954,0.004495999962091446,0.004480000119656324,7.418897056902217e-05,5,2880,64,8,32,8,9216,TORCH_SDPA,[8192],[0],"[2048, 2048, 2048, 2048]",1,4,4,5,8192,4,8196,2048,0.2,true_mixed,True,False,True,5,0,0,False,0,0,BF16,CUDA_EVENT,generic,generic,none
0.00443999981507659,0.00803999975323677,0.005175999924540519,0.004480000119656324,0.0014321116435412192,5,0.018279999494552612,0.027960000559687614,0.020535999909043312,0.01899999938905239,0.0037233622267012017,5,5.372608184814453,5.420287132263184,5.389312076568603,5.381288051605225,0.01701275880753891,5,0.17139999568462372,0.17504000663757324,0.17223239839076995,0.17160099744796753,0.0014091594404702173,5,0.004399999976158142,0.004679999779909849,0.004511999990791082,0.004480000119656324,9.260660388066421e-05,5,2880,64,8,32,8,9216,TORCH_SDPA,[8192],[0],"[5120, 5120]",1,2,2,3,8192,2,8194,5120,0.3333333333333333,true_mixed,True,False,True,3,0,0,False,0,0,BF16,CUDA_EVENT,generic,generic,none
0.004360000137239695,0.016680000349879265,0.006880000047385692,0.00443999981507659,0.004900285856603768,5,0.018160000443458557,0.05144000053405762,0.025096000358462333,0.018400000408291817,0.013176017087896875,5,5.348050117492676,5.3858489990234375,5.3672253608703615,5.366448879241943,0.01260078624931212,5,0.07655999809503555,0.0780009999871254,0.07735220044851303,0.07760000228881836,0.0005418821678917082,5,0.00419999985024333,0.00443999981507659,0.004367999918758869,0.004399999976158142,8.908422232770753e-05,5,2880,64,8,32,8,9216,TORCH_SDPA,[8192],[0],"[1024, 1024, 1024, 1024, 1024, 1024, 1024, 1024, 1024, 1024, 1024, 1024, 1024, 1024, 1024, 1024, 1024, 1024, 1024, 1024, 1024, 1024, 1024, 1024, 1024, 1024, 1024, 1024, 1024, 1024, 1024, 1024]",1,32,32,33,8192,32,8224,1024,0.030303030303030304,true_mixed,True,False,True,33,0,0,False,0,0,BF16,CUDA_EVENT,generic,generic,none
0.004480000119656324,0.01071999967098236,0.0057519999332726005,0.004519999958574772,0.0024841769947778454,5,0.018400000408291817,0.06387999653816223,0.027743999287486075,0.018880000337958336,0.018069280401855074,5,5.3724870681762695,5.485647201538086,5.409551334381104,5.396127223968506,0.03960046514003778,5,0.20227999985218048,0.20679999887943268,0.20393620133399964,0.20336000621318817,0.0015715087257219156,5,0.004480000119656324,0.004639999940991402,0.004544000048190356,0.004519999958574772,6.499226332255945e-05,5,2880,64,8,32,8,9216,TORCH_SDPA,[8192],[0],"[4096, 4096, 4096, 4096, 4096, 4096, 4096, 4096, 4096, 4096, 4096, 4096, 4096, 4096, 4096, 4096, 4096, 4096, 4096, 4096, 4096, 4096, 4096, 4096, 4096, 4096, 4096, 4096, 4096, 4096, 4096, 4096]",1,32,32,33,8192,32,8224,4096,0.030303030303030304,true_mixed,True,False,True,33,0,0,False,0,0,BF16,CUDA_EVENT,generic,generic,none
0.004360000137239695,0.005760000087320805,0.004671999998390674,0.004399999976158142,0.0005445879572882542,5,0.018319999799132347,0.02500000037252903,0.01989619992673397,0.018479999154806137,0.0025778927291746287,5,5.337286949157715,5.379167079925537,5.354479026794434,5.352087020874023,0.014426069568915028,5,0.047520000487565994,0.04816000163555145,0.04774400070309639,0.047680001705884933,0.00023946630316687274,5,0.004360000137239695,0.004519999958574772,0.004432000033557415,0.004399999976158142,5.8787732539092134e-05,5,2880,64,8,32,8,9216,TORCH_SDPA,[8192],[0],[512],1,1,1,2,8192,1,8193,512,0.5,true_mixed,True,False,True,2,0,0,False,0,0,BF16,CUDA_EVENT,generic,generic,none
0.00443999981507659,0.008559999987483025,0.00528799993917346,0.004480000119656324,0.0016362689519521976,5,0.018120000138878822,0.025960000231862068,0.019976000115275384,0.018559999763965607,0.003000010712506899,5,5.377446174621582,5.40672492980957,5.389117813110351,5.387085914611816,0.010732643818247144,5,0.2443999946117401,0.2462809979915619,0.24548039734363555,0.2454800009727478,0.0006296290709089641,5,0.004360000137239695,0.004559999797493219,0.004447999969124794,0.004399999976158142,7.756278630471791e-05,5,2880,64,8,32,8,9216,TORCH_SDPA,[8192],[0],[8192],1,1,1,2,8192,1,8193,8192,0.5,true_mixed,True,False,True,2,0,0,False,0,0,BF16,CUDA_EVENT,generic,generic,none
0.00431999983265996,0.012959999963641167,0.006119999941438437,0.004399999976158142,0.003420596450960798,5,0.018479999154806137,0.05107999965548515,0.025447999686002733,0.01907999999821186,0.0128234135779675,5,5.353847980499268,5.4229278564453125,5.380336093902588,5.3828887939453125,0.02500889357822091,5,0.19623999297618866,0.19735999405384064,0.19686399698257445,0.1969199925661087,0.00043125987524295155,5,0.00431999983265996,0.004480000119656324,0.004399999976158142,0.004399999976158142,5.656857810916412e-05,5,2880,64,8,32,8,9216,TORCH_SDPA,[8192],[0],"[6144, 6144]",1,2,2,3,8192,2,8194,6144,0.3333333333333333,true_mixed,True,False,True,3,0,0,False,0,0,BF16,CUDA_EVENT,generic,generic,none
0.004399999976158142,0.004480000119656324,0.004448000062257052,0.004480000119656324,3.919190618399598e-05,5,0.018160000443458557,0.030880000442266464,0.021671999990940095,0.019120000302791595,0.004740997549416268,5,5.376927852630615,5.435606956481934,5.415543842315674,5.4248881340026855,0.021460971495116474,5,0.2921999990940094,0.2967210114002228,0.2944082021713257,0.29392001032829285,0.0017273064090672639,5,0.004360000137239695,0.004519999958574772,0.004464000090956688,0.004480000119656324,5.4258599874208434e-05,5,2880,64,8,32,8,9216,TORCH_SDPA,[8192],[0],"[3072, 3072, 3072, 3072, 3072, 3072, 3072, 3072, 3072, 3072, 3072, 3072, 3072, 3072, 3072, 3072, 3072, 3072, 3072, 3072, 3072, 3072, 3072, 3072, 3072, 3072, 3072, 3072, 3072, 3072, 3072, 3072, 3072, 3072, 3072, 3072, 3072, 3072, 3072, 3072, 3072, 3072, 3072, 3072, 3072, 3072, 3072, 3072, 3072, 3072, 3072, 3072, 3072, 3072, 3072, 3072, 3072, 3072, 3072, 3072, 3072, 3072, 3072, 3072]",1,64,64,65,8192,64,8256,3072,0.015384615384615385,true_mixed,True,False,True,65,0,0,False,0,0,BF16,CUDA_EVENT,generic,generic,none
0.004360000137239695,0.017400000244379044,0.006992000062018633,0.004399999976158142,0.005204084640156808,5,0.01844000071287155,0.05756000056862831,0.02656000033020973,0.01875999942421913,0.01550374418702433,5,5.373246192932129,5.458446979522705,5.394967174530029,5.380047798156738,0.03194988976346107,5,0.09359999746084213,0.09688100218772888,0.09444819986820222,0.09391999989748001,0.0012292243721482717,5,0.004360000137239695,0.004519999958574772,0.004448000062257052,0.004480000119656324,5.878773253909213e-05,5,2880,64,8,32,8,9216,TORCH_SDPA,[8192],[0],"[2048, 2048, 2048, 2048, 2048, 2048, 2048, 2048]",1,8,8,9,8192,8,8200,2048,0.1111111111111111,true_mixed,True,False,True,9,0,0,False,0,0,BF16,CUDA_EVENT,generic,generic,none
0.004360000137239695,0.004519999958574772,0.004456000030040741,0.004480000119656324,6.499226332255945e-05,5,0.017839999869465828,0.02735999971628189,0.02006400004029274,0.018360000103712082,0.003656498713188887,5,5.371687889099121,5.440886974334717,5.399191284179688,5.387446880340576,0.02417437426000036,5,0.17419999837875366,0.1764799952507019,0.17527219653129578,0.1751209944486618,0.0007603390070170785,5,0.004480000119656324,0.005239999853074551,0.004679999966174364,0.004559999797493219,0.0002828426534690544,5,2880,64,8,32,8,9216,TORCH_SDPA,[8192],[0],"[5120, 5120, 5120, 5120]",1,4,4,5,8192,4,8196,5120,0.2,true_mixed,True,False,True,5,0,0,False,0,0,BF16,CUDA_EVENT,generic,generic,none
0.004240000154823065,0.005239999853074551,0.004519999958574772,0.004399999976158142,0.00036747781974981133,5,0.018279999494552612,0.028039999306201935,0.020295999944210052,0.018400000408291817,0.0038724128884153886,5,5.338208198547363,5.3690080642700195,5.356224060058594,5.3629279136657715,0.012332414733542824,5,0.11764000356197357,0.11919999867677689,0.11836840063333512,0.11840000003576279,0.0005885909051512455,5,0.00431999983265996,0.0063599999994039536,0.004799999948590994,0.004399999976158142,0.0007826110426171984,5,2880,64,8,32,8,9216,TORCH_SDPA,[8192],[0],"[1024, 1024, 1024, 1024, 1024, 1024, 1024, 1024, 1024, 1024, 1024, 1024, 1024, 1024, 1024, 1024, 1024, 1024, 1024, 1024, 1024, 1024, 1024, 1024, 1024, 1024, 1024, 1024, 1024, 1024, 1024, 1024, 1024, 1024, 1024, 1024, 1024, 1024, 1024, 1024, 1024, 1024, 1024, 1024, 1024, 1024, 1024, 1024]",1,48,48,49,8192,48,8240,1024,0.02040816326530612,true_mixed,True,False,True,49,0,0,False,0,0,BF16,CUDA_EVENT,generic,generic,none
0.004399999976158142,0.004559999797493219,0.0044801999814808365,0.004480000119656324,5.671120271037115e-05,5,0.018799999728798866,0.04859999939799309,0.025071999803185464,0.01899999938905239,0.011772357928819003,5,5.364128112792969,5.400288105010986,5.38341588973999,5.38588809967041,0.012064618371204835,5,0.3425599932670593,0.34411999583244324,0.34316020011901854,0.34296101331710815,0.0005460411185193412,5,0.004480000119656324,0.004559999797493219,0.004511999990791082,0.004480000119656324,3.919167805748661e-05,5,2880,64,8,32,8,9216,TORCH_SDPA,[8192],[0],"[4096, 4096, 4096, 4096, 4096, 4096, 4096, 4096, 4096, 4096, 4096, 4096, 4096, 4096, 4096, 4096, 4096, 4096, 4096, 4096, 4096, 4096, 4096, 4096, 4096, 4096, 4096, 4096, 4096, 4096, 4096, 4096, 4096, 4096, 4096, 4096, 4096, 4096, 4096, 4096, 4096, 4096, 4096, 4096, 4096, 4096, 4096, 4096]",1,48,48,49,8192,48,8240,4096,0.02040816326530612,true_mixed,True,False,True,49,0,0,False,0,0,BF16,CUDA_EVENT,generic,generic,none
0.004399999976158142,0.0049600000493228436,0.0045599999837577345,0.004480000119656324,0.0002039608176284583,5,0.018519999459385872,0.030719999223947525,0.02191999964416027,0.01923999935388565,0.004631509274973718,5,5.3312859535217285,5.392206192016602,5.353550720214844,5.348247051239014,0.022163186490104098,5,0.047240000218153,0.052960000932216644,0.048775999993085864,0.047839999198913574,0.00211124271535128,5,0.004360000137239695,0.005960000213235617,0.004712000116705894,0.004399999976158142,0.0006255366173709456,5,2880,64,8,32,8,9216,TORCH_SDPA,[8192],[0],"[512, 512]",1,2,2,3,8192,2,8194,512,0.3333333333333333,true_mixed,True,False,True,3,0,0,False,0,0,BF16,CUDA_EVENT,generic,generic,none
0.004279999993741512,0.004519999958574772,0.004392000008374452,0.004399999976158142,7.756285354573324e-05,5,0.018079999834299088,0.03147999942302704,0.02229599989950657,0.019120000302791595,0.005014385657651499,5,5.342367172241211,5.405167102813721,5.364479064941406,5.356606960296631,0.02332784207393774,5,0.10140000283718109,0.10447999835014343,0.10231200158596039,0.1019200012087822,0.0011080488861619526,5,0.004399999976158142,0.006039999891072512,0.004783999919891357,0.004519999958574772,0.0006297173835391654,5,2880,64,8,32,8,9216,TORCH_SDPA,[8192],[0],"[2048, 2048, 2048, 2048, 2048, 2048, 2048, 2048, 2048, 2048, 2048, 2048, 2048, 2048, 2048, 2048]",1,16,16,17,8192,16,8208,2048,0.058823529411764705,true_mixed,True,False,True,17,0,0,False,0,0,BF16,CUDA_EVENT,generic,generic,none
0.004399999976158142,0.011760000139474869,0.005920000001788139,0.004480000119656324,0.0029202740289328843,5,0.018400000408291817,0.041200000792741776,0.023232000321149825,0.0188400000333786,0.008985798808249805,5,5.349607944488525,5.467408180236816,5.386456298828125,5.368008136749268,0.04345291546383316,5,0.2502399981021881,0.2542800009250641,0.2518243968486786,0.2515609860420227,0.0013380418322225163,5,0.00431999983265996,0.004480000119656324,0.004415999911725521,0.00443999981507659,5.4258695995502165e-05,5,2880,64,8,32,8,9216,TORCH_SDPA,[8192],[0],"[8192, 8192]",1,2,2,3,8192,2,8194,8192,0.3333333333333333,true_mixed,True,False,True,3,0,0,False,0,0,BF16,CUDA_EVENT,generic,generic,none
0.00443999981507659,0.027480000630021095,0.0090960000641644,0.004519999958574772,0.009192052502286895,5,0.018079999834299088,0.08575999736785889,0.0319279994815588,0.018400000408291817,0.026918048204386723,5,5.355487823486328,5.5660881996154785,5.4053596496582035,5.368727207183838,0.08058824736701234,5,0.1858000010251999,0.18884000182151794,0.18753620088100434,0.1873210072517395,0.0011123926630232641,5,0.004480000119656324,0.004600000102072954,0.004528000019490719,0.004519999958574772,3.9191849152437796e-05,5,2880,64,8,32,8,9216,TORCH_SDPA,[8192],[0],"[5120, 5120, 5120, 5120, 5120, 5120, 5120, 5120]",1,8,8,9,8192,8,8200,5120,0.1111111111111111,true_mixed,True,False,True,9,0,0,False,0,0,BF16,CUDA_EVENT,generic,generic,none
0.004360000137239695,0.005439999978989363,0.004624000005424023,0.00443999981507659,0.0004099560799695732,5,0.018640000373125076,0.026480000466108322,0.020415999740362168,0.018959999084472656,0.0030351122055956646,5,5.39052677154541,5.48220682144165,5.424766921997071,5.414687156677246,0.03084245801344642,5,0.4228399991989136,0.4326399862766266,0.4272724032402039,0.42712101340293884,0.0031287248116505756,5,0.004360000137239695,0.004480000119656324,0.004400000069290399,0.004399999976158142,4.381779817994028e-05,5,2880,64,8,32,8,9216,TORCH_SDPA,[8192],[0],"[3072, 3072, 3072, 3072, 3072, 3072, 3072, 3072, 3072, 3072, 3072, 3072, 3072, 3072, 3072, 3072, 3072, 3072, 3072, 3072, 3072, 3072, 3072, 3072, 3072, 3072, 3072, 3072, 3072, 3072, 3072, 3072, 3072, 3072, 3072, 3072, 3072, 3072, 3072, 3072, 3072, 3072, 3072, 3072, 3072, 3072, 3072, 3072, 3072, 3072, 3072, 3072, 3072, 3072, 3072, 3072, 3072, 3072, 3072, 3072, 3072, 3072, 3072, 3072, 3072, 3072, 3072, 3072, 3072, 3072, 3072, 3072, 3072, 3072, 3072, 3072, 3072, 3072, 3072, 3072, 3072, 3072, 3072, 3072, 3072, 3072, 3072, 3072, 3072, 3072, 3072, 3072, 3072, 3072, 3072, 3072]",1,96,96,97,8192,96,8288,3072,0.010309278350515464,true_mixed,True,False,True,97,0,0,False,0,0,BF16,CUDA_EVENT,generic,generic,none
0.004279999993741512,0.005520000122487545,0.004616000037640333,0.004480000119656324,0.0004592864595512289,5,0.017999999225139618,0.04352099820971489,0.023496199771761893,0.018640000373125076,0.010015606739899218,5,5.345966815948486,5.391686916351318,5.370991325378418,5.379208087921143,0.01638675536019401,5,0.125,0.13276000320911407,0.12744799852371216,0.12627999484539032,0.002793297100576204,5,0.004240000154823065,0.007000000216066837,0.004816000070422888,0.004279999993741512,0.0010924029256440245,5,2880,64,8,32,8,9216,TORCH_SDPA,[8192],[0],"[1024, 1024, 1024, 1024, 1024, 1024, 1024, 1024, 1024, 1024, 1024, 1024, 1024, 1024, 1024, 1024, 1024, 1024, 1024, 1024, 1024, 1024, 1024, 1024, 1024, 1024, 1024, 1024, 1024, 1024, 1024, 1024, 1024, 1024, 1024, 1024, 1024, 1024, 1024, 1024, 1024, 1024, 1024, 1024, 1024, 1024, 1024, 1024, 1024, 1024, 1024, 1024, 1024, 1024, 1024, 1024, 1024, 1024, 1024, 1024, 1024, 1024, 1024, 1024]",1,64,64,65,8192,64,8256,1024,0.015384615384615385,true_mixed,True,False,True,65,0,0,False,0,0,BF16,CUDA_EVENT,generic,generic,none
0.004360000137239695,0.004879999905824661,0.004543999955058098,0.004519999958574772,0.00017816841956469796,5,0.017839999869465828,0.030719999223947525,0.02107999995350838,0.01907999999821186,0.004863381200808581,5,5.374847888946533,5.417646884918213,5.391519546508789,5.392047882080078,0.015999027149008364,5,0.2008800059556961,0.20759999752044678,0.2023362010717392,0.20103999972343445,0.0026348920625679255,5,0.00443999981507659,0.006120000034570694,0.004839999973773957,0.004559999797493219,0.0006424951695843368,5,2880,64,8,32,8,9216,TORCH_SDPA,[8192],[0],"[6144, 6144, 6144, 6144]",1,4,4,5,8192,4,8196,6144,0.2,true_mixed,True,False,True,5,0,0,False,0,0,BF16,CUDA_EVENT,generic,generic,none
0.0041600000113248825,0.004360000137239695,0.004288000054657459,0.00431999983265996,7.756289196924024e-05,5,0.018360000103712082,0.050919998437166214,0.0260879997164011,0.019840000197291374,0.012515062935017272,5,5.327927112579346,5.458646774291992,5.376198959350586,5.356367111206055,0.045684190356577566,5,0.04811999946832657,0.05344000086188316,0.04921599999070168,0.04820000007748604,0.002112303448709174,5,0.004279999993741512,0.00547999981790781,0.0046559999696910385,0.004519999958574772,0.00042150200118974484,5,2880,64,8,32,8,9216,TORCH_SDPA,[8192],[0],"[512, 512, 512, 512]",1,4,4,5,8192,4,8196,512,0.2,true_mixed,True,False,True,5,0,0,False,0,0,BF16,CUDA_EVENT,generic,generic,none
0.004519999958574772,0.01107999961823225,0.005999999959021807,0.004600000102072954,0.0025517364930415596,5,0.01860000006854534,0.07840000092983246,0.030776000022888182,0.01899999938905239,0.023813174618833012,5,5.360927104949951,5.499166011810303,5.405438232421875,5.388726234436035,0.04953203830872348,5,0.3747999966144562,0.3830009996891022,0.37868059873580934,0.3793199956417084,0.0033614296939006153,5,0.004519999958574772,0.004639999940991402,0.00459199994802475,0.004600000102072954,4.664763494375637e-05,5,2880,64,8,32,8,9216,TORCH_SDPA,[8192],[0],"[4096, 4096, 4096, 4096, 4096, 4096, 4096, 4096, 4096, 4096, 4096, 4096, 4096, 4096, 4096, 4096, 4096, 4096, 4096, 4096, 4096, 4096, 4096, 4096, 4096, 4096, 4096, 4096, 4096, 4096, 4096, 4096, 4096, 4096, 4096, 4096, 4096, 4096, 4096, 4096, 4096, 4096, 4096, 4096, 4096, 4096, 4096, 4096, 4096, 4096, 4096, 4096, 4096, 4096, 4096, 4096, 4096, 4096, 4096, 4096, 4096, 4096, 4096, 4096]",1,64,64,65,8192,64,8256,4096,0.015384615384615385,true_mixed,True,False,True,65,0,0,False,0,0,BF16,CUDA_EVENT,generic,generic,none
0.004360000137239695,0.012640000320971012,0.006056000012904406,0.00443999981507659,0.0032921338075885855,5,0.01860000006854534,0.05648000165820122,0.02630400061607361,0.01868000067770481,0.015089166965848054,5,5.374688148498535,5.465288162231445,5.402264213562011,5.377687931060791,0.035223842894605846,5,0.11912000179290771,0.1196800023317337,0.11935200095176697,0.11924000084400177,0.00024053219468813137,5,0.004360000137239695,0.004559999797493219,0.004447999969124794,0.00443999981507659,6.881851987655174e-05,5,2880,64,8,32,8,9216,TORCH_SDPA,[8192],[0],"[2048, 2048, 2048, 2048, 2048, 2048, 2048, 2048, 2048, 2048, 2048, 2048, 2048, 2048, 2048, 2048, 2048, 2048, 2048, 2048, 2048, 2048, 2048, 2048, 2048, 2048, 2048, 2048, 2048, 2048, 2048, 2048]",1,32,32,33,8192,32,8224,2048,0.030303030303030304,true_mixed,True,False,True,33,0,0,False,0,0,BF16,CUDA_EVENT,generic,generic,none
0.004480000119656324,0.004600000102072954,0.004543999955058098,0.004559999797493219,4.079211969054e-05,5,0.018319999799132347,0.03164000064134598,0.021240000054240225,0.01892000064253807,0.005206949492920237,5,5.378966808319092,5.41616678237915,5.398375606536865,5.405288219451904,0.015043329531586259,5,0.20484000444412231,0.20632000267505646,0.2055044025182724,0.20532000064849854,0.0005660346794359589,5,0.004480000119656324,0.004600000102072954,0.004535999987274409,0.004519999958574772,4.079213795521706e-05,5,2880,64,8,32,8,9216,TORCH_SDPA,[8192],[0],"[5120, 5120, 5120, 5120, 5120, 5120, 5120, 5120, 5120, 5120, 5120, 5120, 5120, 5120, 5120, 5120]",1,16,16,17,8192,16,8208,5120,0.058823529411764705,true_mixed,True,False,True,17,0,0,False,0,0,BF16,CUDA_EVENT,generic,generic,none
0.004399999976158142,0.0077599999494850636,0.005127999931573868,0.004519999958574772,0.0013168204223814198,5,0.018360000103712082,0.025200000032782555,0.01995200030505657,0.018880000337958336,0.0026343453340724947,5,5.331847190856934,5.382448196411133,5.363687515258789,5.365608215332031,0.01835893912743949,5,0.255281001329422,0.26335999369621277,0.2570721983909607,0.25547999143600464,0.0031494261297935915,5,0.004399999976158142,0.00443999981507659,0.004415999911725521,0.004399999976158142,1.95958390287433e-05,5,2880,64,8,32,8,9216,TORCH_SDPA,[8192],[0],"[8192, 8192, 8192, 8192]",1,4,4,5,8192,4,8196,8192,0.2,true_mixed,True,False,True,5,0,0,False,0,0,BF16,CUDA_EVENT,generic,generic,none
0.00419999985024333,0.00824000034481287,0.005696000065654516,0.00443999981507659,0.0017003718922002143,5,0.01899999938905239,0.028119999915361404,0.021488000079989432,0.019120000302791595,0.0035139402279916136,5,5.350128173828125,5.380247116088867,5.365495300292968,5.3623270988464355,0.011361625012306158,5,0.1751209944486618,0.17812000215053558,0.17650419771671294,0.1762399971485138,0.0010612428102037223,5,0.00419999985024333,0.00443999981507659,0.004295999929308891,0.004279999993741512,8.236498081489306e-05,5,2880,64,8,32,8,9216,TORCH_SDPA,[8192],[0],"[1024, 1024, 1024, 1024, 1024, 1024, 1024, 1024, 1024, 1024, 1024, 1024, 1024, 1024, 1024, 1024, 1024, 1024, 1024, 1024, 1024, 1024, 1024, 1024, 1024, 1024, 1024, 1024, 1024, 1024, 1024, 1024, 1024, 1024, 1024, 1024, 1024, 1024, 1024, 1024, 1024, 1024, 1024, 1024, 1024, 1024, 1024, 1024, 1024, 1024, 1024, 1024, 1024, 1024, 1024, 1024, 1024, 1024, 1024, 1024, 1024, 1024, 1024, 1024, 1024, 1024, 1024, 1024, 1024, 1024, 1024, 1024, 1024, 1024, 1024, 1024, 1024, 1024, 1024, 1024, 1024, 1024, 1024, 1024, 1024, 1024, 1024, 1024, 1024, 1024, 1024, 1024, 1024, 1024, 1024, 1024]",1,96,96,97,8192,96,8288,1024,0.010309278350515464,true_mixed,True,False,True,97,0,0,False,0,0,BF16,CUDA_EVENT,generic,generic,none
0.00443999981507659,0.012679999694228172,0.006119999941438437,0.004480000119656324,0.0032800974362732476,5,0.018079999834299088,0.0430000014603138,0.02345600016415119,0.01875999942421913,0.009775417977780618,5,5.358569145202637,5.405768871307373,5.388489246368408,5.3898491859436035,0.016619044555043913,5,0.21447999775409698,0.2173600047826767,0.2155443996191025,0.21512000262737274,0.0009893520252220007,5,0.00443999981507659,0.004600000102072954,0.004527999926358462,0.004519999958574772,5.306606375125428e-05,5,2880,64,8,32,8,9216,TORCH_SDPA,[8192],[0],"[6144, 6144, 6144, 6144, 6144, 6144, 6144, 6144]",1,8,8,9,8192,8,8200,6144,0.1111111111111111,true_mixed,True,False,True,9,0,0,False,0,0,BF16,CUDA_EVENT,generic,generic,none
0.004240000154823065,0.00443999981507659,0.004344000015407801,0.004360000137239695,7.418886009914523e-05,5,0.017880000174045563,0.03367999941110611,0.021583999693393707,0.018719999119639397,0.006058625440248301,5,5.334327220916748,5.375805854797363,5.355255031585694,5.356407165527344,0.013582668357622946,5,0.050680000334978104,0.05392000079154968,0.05136820077896118,0.05076000094413757,0.0012762433108710596,5,0.004279999993741512,0.004519999958574772,0.004415999911725521,0.00443999981507659,7.838364127314452e-05,5,2880,64,8,32,8,9216,TORCH_SDPA,[8192],[0],"[512, 512, 512, 512, 512, 512, 512, 512]",1,8,8,9,8192,8,8200,512,0.1111111111111111,true_mixed,True,False,True,9,0,0,False,0,0,BF16,CUDA_EVENT,generic,generic,none
0.00443999981507659,0.005799999926239252,0.004727999959141016,0.004480000119656324,0.000536298412488746,5,0.01892000064253807,0.07655999809503555,0.03067220002412796,0.019360000267624855,0.022944470511388163,5,5.366207122802734,5.649446964263916,5.433606815338135,5.383327007293701,0.10873610876648482,5,0.5505599975585938,0.5542010068893433,0.5517683982849121,0.5514410138130188,0.001262311082862352,5,0.004480000119656324,0.004639999940991402,0.004552000015974045,0.004519999958574772,5.8787732539092134e-05,5,2880,64,8,32,8,9216,TORCH_SDPA,[8192],[0],"[4096, 4096, 4096, 4096, 4096, 4096, 4096, 4096, 4096, 4096, 4096, 4096, 4096, 4096, 4096, 4096, 4096, 4096, 4096, 4096, 4096, 4096, 4096, 4096, 4096, 4096, 4096, 4096, 4096, 4096, 4096, 4096, 4096, 4096, 4096, 4096, 4096, 4096, 4096, 4096, 4096, 4096, 4096, 4096, 4096, 4096, 4096, 4096, 4096, 4096, 4096, 4096, 4096, 4096, 4096, 4096, 4096, 4096, 4096, 4096, 4096, 4096, 4096, 4096, 4096, 4096, 4096, 4096, 4096, 4096, 4096, 4096, 4096, 4096, 4096, 4096, 4096, 4096, 4096, 4096, 4096, 4096, 4096, 4096, 4096, 4096, 4096, 4096, 4096, 4096, 4096, 4096, 4096, 4096, 4096, 4096]",1,96,96,97,8192,96,8288,4096,0.010309278350515464,true_mixed,True,False,True,97,0,0,False,0,0,BF16,CUDA_EVENT,generic,generic,none
0.004399999976158142,0.00851999968290329,0.0052559998817741874,0.00443999981507659,0.0016321959679335963,5,0.018519999459385872,0.02727999910712242,0.02061599977314472,0.018880000337958336,0.003355196296952309,5,5.364686965942383,5.392646789550781,5.3813189506530765,5.389047145843506,0.011832299179667717,5,0.19328099489212036,0.19468100368976593,0.19388079941272734,0.193681001663208,0.000534101696894798,5,0.004360000137239695,0.006639999803155661,0.004839999973773957,0.004399999976158142,0.0009004886669780843,5,2880,64,8,32,8,9216,TORCH_SDPA,[8192],[0],"[2048, 2048, 2048, 2048, 2048, 2048, 2048, 2048, 2048, 2048, 2048, 2048, 2048, 2048, 2048, 2048, 2048, 2048, 2048, 2048, 2048, 2048, 2048, 2048, 2048, 2048, 2048, 2048, 2048, 2048, 2048, 2048, 2048, 2048, 2048, 2048, 2048, 2048, 2048, 2048, 2048, 2048, 2048, 2048, 2048, 2048, 2048, 2048]",1,48,48,49,8192,48,8240,2048,0.02040816326530612,true_mixed,True,False,True,49,0,0,False,0,0,BF16,CUDA_EVENT,generic,generic,none
0.00443999981507659,0.027639999985694885,0.00910419998690486,0.004480000119656324,0.009267913171340304,5,0.018360000103712082,0.1120000034570694,0.037192000448703764,0.018559999763965607,0.037404073153998615,5,5.375608921051025,5.614089012145996,5.4278003692626955,5.378448009490967,0.09337923542425204,5,0.2443999946117401,0.24568000435829163,0.244896200299263,0.24456000328063965,0.0005507502464791432,5,0.00443999981507659,0.004600000102072954,0.004511999897658825,0.004519999958574772,6.400007987400752e-05,5,2880,64,8,32,8,9216,TORCH_SDPA,[8192],[0],"[5120, 5120, 5120, 5120, 5120, 5120, 5120, 5120, 5120, 5120, 5120, 5120, 5120, 5120, 5120, 5120, 5120, 5120, 5120, 5120, 5120, 5120, 5120, 5120, 5120, 5120, 5120, 5120, 5120, 5120, 5120, 5120]",1,32,32,33,8192,32,8224,5120,0.030303030303030304,true_mixed,True,False,True,33,0,0,False,0,0,BF16,CUDA_EVENT,generic,generic,none
0.004360000137239695,0.004920000210404396,0.004592000041157007,0.004559999797493219,0.00018312842210045242,5,0.01844000071287155,0.03303999826312065,0.021663999557495116,0.018959999084472656,0.005696459996798829,5,5.354288101196289,5.3857269287109375,5.370863151550293,5.369485855102539,0.010947372798784273,5,0.273360013961792,0.2779200077056885,0.27530440092086794,0.2752400040626526,0.0015014057562273803,5,0.00443999981507659,0.004639999940991402,0.004511999897658825,0.004480000119656324,7.756289196924024e-05,5,2880,64,8,32,8,9216,TORCH_SDPA,[8192],[0],"[8192, 8192, 8192, 8192, 8192, 8192, 8192, 8192]",1,8,8,9,8192,8,8200,8192,0.1111111111111111,true_mixed,True,False,True,9,0,0,False,0,0,BF16,CUDA_EVENT,generic,generic,none
0.004399999976158142,0.010320000350475311,0.005647999979555607,0.00443999981507659,0.0023375065495891997,5,0.01860000006854534,0.045159999281167984,0.024144000187516213,0.019120000302791595,0.010510416476270934,5,5.361527919769287,5.401247978210449,5.375144004821777,5.370368003845215,0.013581176671330396,5,0.23603999614715576,0.23848000168800354,0.23748839795589446,0.23728099465370178,0.0008962567860147997,5,0.004480000119656324,0.004559999797493219,0.004527999926358462,0.004519999958574772,2.993313855179537e-05,5,2880,64,8,32,8,9216,TORCH_SDPA,[8192],[0],"[6144, 6144, 6144, 6144, 6144, 6144, 6144, 6144, 6144, 6144, 6144, 6144, 6144, 6144, 6144, 6144]",1,16,16,17,8192,16,8208,6144,0.058823529411764705,true_mixed,True,False,True,17,0,0,False,0,0,BF16,CUDA_EVENT,generic,generic,none
0.00443999981507659,0.014720000326633453,0.006503999978303909,0.00443999981507659,0.004108029385799567,5,0.018120000138878822,0.06239999830722809,0.02739199958741665,0.018479999154806137,0.017510853592873448,5,5.345006942749023,5.410286903381348,5.362230968475342,5.353686809539795,0.024298952516016152,5,0.05132000148296356,0.05260000005364418,0.051792199909687045,0.0517599992454052,0.0004554766443970551,5,0.004399999976158142,0.004519999958574772,0.004447999969124794,0.00443999981507659,4.664763494375637e-05,5,2880,64,8,32,8,9216,TORCH_SDPA,[8192],[0],"[512, 512, 512, 512, 512, 512, 512, 512, 512, 512, 512, 512, 512, 512, 512, 512]",1,16,16,17,8192,16,8208,512,0.058823529411764705,true_mixed,True,False,True,17,0,0,False,0,0,BF16,CUDA_EVENT,generic,generic,none
0.00431999983265996,0.0077599999494850636,0.005119999963790178,0.004480000119656324,0.0013223010187935799,5,0.018400000408291817,0.026760000735521317,0.020480000227689744,0.01916000060737133,0.0031538677026494463,5,5.361368179321289,5.4248881340026855,5.382864284515381,5.375528812408447,0.0219685803476687,5,0.2091200053691864,0.21607999503612518,0.2108403980731964,0.20948000252246857,0.0026540999291901073,5,0.004279999993741512,0.004480000119656324,0.004383999947458505,0.004399999976158142,7.418898061168757e-05,5,2880,64,8,32,8,9216,TORCH_SDPA,[8192],[0],"[2048, 2048, 2048, 2048, 2048, 2048, 2048, 2048, 2048, 2048, 2048, 2048, 2048, 2048, 2048, 2048, 2048, 2048, 2048, 2048, 2048, 2048, 2048, 2048, 2048, 2048, 2048, 2048, 2048, 2048, 2048, 2048, 2048, 2048, 2048, 2048, 2048, 2048, 2048, 2048, 2048, 2048, 2048, 2048, 2048, 2048, 2048, 2048, 2048, 2048, 2048, 2048, 2048, 2048, 2048, 2048, 2048, 2048, 2048, 2048, 2048, 2048, 2048, 2048]",1,64,64,65,8192,64,8256,2048,0.015384615384615385,true_mixed,True,False,True,65,0,0,False,0,0,BF16,CUDA_EVENT,generic,generic,none
0.00443999981507659,0.004600000102072954,0.004511999990791082,0.004480000119656324,5.878777056032047e-05,5,0.018479999154806137,0.029839999973773956,0.020896000042557716,0.01868000067770481,0.0044731804959010244,5,5.37320613861084,5.529285907745361,5.435126113891601,5.4172468185424805,0.053973791220954956,5,0.41600099205970764,0.4326010048389435,0.4246323943138123,0.4264400005340576,0.0065778807124173486,5,0.004480000119656324,0.004600000102072954,0.00451200008392334,0.004480000119656324,4.664760299960091e-05,5,2880,64,8,32,8,9216,TORCH_SDPA,[8192],[0],"[5120, 5120, 5120, 5120, 5120, 5120, 5120, 5120, 5120, 5120, 5120, 5120, 5120, 5120, 5120, 5120, 5120, 5120, 5120, 5120, 5120, 5120, 5120, 5120, 5120, 5120, 5120, 5120, 5120, 5120, 5120, 5120, 5120, 5120, 5120, 5120, 5120, 5120, 5120, 5120, 5120, 5120, 5120, 5120, 5120, 5120, 5120, 5120]",1,48,48,49,8192,48,8240,5120,0.02040816326530612,true_mixed,True,False,True,49,0,0,False,0,0,BF16,CUDA_EVENT,generic,generic,none
0.00443999981507659,0.022919999435544014,0.008167999889701604,0.004480000119656324,0.00737604315689853,5,0.017880000174045563,0.09628000110387802,0.03391200006008148,0.018519999459385872,0.03118493431856497,5,5.360886096954346,5.595005989074707,5.418470001220703,5.372285842895508,0.08896395316797263,5,0.3069609999656677,0.31224098801612854,0.3091685950756073,0.3077999949455261,0.0023035982888259397,5,0.004480000119656324,0.004639999940991402,0.004535999987274409,0.004519999958574772,5.986643889284003e-05,5,2880,64,8,32,8,9216,TORCH_SDPA,[8192],[0],"[8192, 8192, 8192, 8192, 8192, 8192, 8192, 8192, 8192, 8192, 8192, 8192, 8192, 8192, 8192, 8192]",1,16,16,17,8192,16,8208,8192,0.058823529411764705,true_mixed,True,False,True,17,0,0,False,0,0,BF16,CUDA_EVENT,generic,generic,none
0.00443999981507659,0.010040000081062317,0.0055842000059783455,0.004480000119656324,0.0022280948652402253,5,0.018519999459385872,0.10279999673366547,0.03579999916255474,0.019279999658465385,0.03350136831246938,5,5.369805812835693,5.44524621963501,5.39191780090332,5.380606174468994,0.027780908244851025,5,0.28435999155044556,0.2902800142765045,0.28648839592933656,0.2858409881591797,0.002071700781473166,5,0.004480000119656324,0.004639999940991402,0.004536000080406666,0.004480000119656324,6.974232658443396e-05,5,2880,64,8,32,8,9216,TORCH_SDPA,[8192],[0],"[6144, 6144, 6144, 6144, 6144, 6144, 6144, 6144, 6144, 6144, 6144, 6144, 6144, 6144, 6144, 6144, 6144, 6144, 6144, 6144, 6144, 6144, 6144, 6144, 6144, 6144, 6144, 6144, 6144, 6144, 6144, 6144]",1,32,32,33,8192,32,8224,6144,0.030303030303030304,true_mixed,True,False,True,33,0,0,False,0,0,BF16,CUDA_EVENT,generic,generic,none
0.004360000137239695,0.004480000119656324,0.004424000065773726,0.004399999976158142,4.8000024010787934e-05,5,0.017839999869465828,0.08236099779605865,0.031192199513316154,0.01860000006854534,0.025586037587913037,5,5.3305277824401855,5.410647869110107,5.3536961555480955,5.346288204193115,0.02936092959675449,5,0.05463999882340431,0.055319998413324356,0.05502399951219559,0.05496000126004219,0.0002636356107467816,5,0.004360000137239695,0.004519999958574772,0.004408000037074089,0.004399999976158142,5.8787694517986746e-05,5,2880,64,8,32,8,9216,TORCH_SDPA,[8192],[0],"[512, 512, 512, 512, 512, 512, 512, 512, 512, 512, 512, 512, 512, 512, 512, 512, 512, 512, 512, 512, 512, 512, 512, 512, 512, 512, 512, 512, 512, 512, 512, 512]",1,32,32,33,8192,32,8224,512,0.030303030303030304,true_mixed,True,False,True,33,0,0,False,0,0,BF16,CUDA_EVENT,generic,generic,none
0.004360000137239695,0.00687999976798892,0.0048882000148296354,0.004399999976158142,0.0009963517008989634,5,0.018479999154806137,0.026559999212622643,0.020311999693512918,0.01892000064253807,0.0031290532976206973,5,5.359407901763916,5.3877692222595215,5.372664451599121,5.372969150543213,0.010431517382124467,5,0.2985999882221222,0.3040800094604492,0.3009603977203369,0.29952099919319153,0.0025032109045500855,5,0.00431999983265996,0.004519999958574772,0.004416000004857779,0.004399999976158142,7.418898061168758e-05,5,2880,64,8,32,8,9216,TORCH_SDPA,[8192],[0],"[2048, 2048, 2048, 2048, 2048, 2048, 2048, 2048, 2048, 2048, 2048, 2048, 2048, 2048, 2048, 2048, 2048, 2048, 2048, 2048, 2048, 2048, 2048, 2048, 2048, 2048, 2048, 2048, 2048, 2048, 2048, 2048, 2048, 2048, 2048, 2048, 2048, 2048, 2048, 2048, 2048, 2048, 2048, 2048, 2048, 2048, 2048, 2048, 2048, 2048, 2048, 2048, 2048, 2048, 2048, 2048, 2048, 2048, 2048, 2048, 2048, 2048, 2048, 2048, 2048, 2048, 2048, 2048, 2048, 2048, 2048, 2048, 2048, 2048, 2048, 2048, 2048, 2048, 2048, 2048, 2048, 2048, 2048, 2048, 2048, 2048, 2048, 2048, 2048, 2048, 2048, 2048, 2048, 2048, 2048, 2048]",1,96,96,97,8192,96,8288,2048,0.010309278350515464,true_mixed,True,False,True,97,0,0,False,0,0,BF16,CUDA_EVENT,generic,generic,none
0.00443999981507659,0.01348000019788742,0.006304000038653612,0.004519999958574772,0.0035883902489252514,5,0.018479999154806137,0.16660000383853912,0.04822400063276291,0.01860000006854534,0.05918815501292281,5,5.362728118896484,5.500446796417236,5.402031421661377,5.385847091674805,0.04998915153500424,5,0.45607998967170715,0.46236100792884827,0.45850480198860166,0.4572010040283203,0.0022686931075867937,5,0.00443999981507659,0.004559999797493219,0.004511999897658825,0.004519999958574772,4.6647571055609506e-05,5,2880,64,8,32,8,9216,TORCH_SDPA,[8192],[0],"[5120, 5120, 5120, 5120, 5120, 5120, 5120, 5120, 5120, 5120, 5120, 5120, 5120, 5120, 5120, 5120, 5120, 5120, 5120, 5120, 5120, 5120, 5120, 5120, 5120, 5120, 5120, 5120, 5120, 5120, 5120, 5120, 5120, 5120, 5120, 5120, 5120, 5120, 5120, 5120, 5120, 5120, 5120, 5120, 5120, 5120, 5120, 5120, 5120, 5120, 5120, 5120, 5120, 5120, 5120, 5120, 5120, 5120, 5120, 5120, 5120, 5120, 5120, 5120]",1,64,64,65,8192,64,8256,5120,0.015384615384615385,true_mixed,True,False,True,65,0,0,False,0,0,BF16,CUDA_EVENT,generic,generic,none
0.00443999981507659,0.014720000326633453,0.006536000035703182,0.004480000119656324,0.004092185869136168,5,0.018279999494552612,0.11479999870061874,0.03786399960517883,0.01875999942421913,0.03846859328498182,5,5.346167087554932,5.444766998291016,5.38414306640625,5.373287200927734,0.0340265610151367,5,0.36932098865509033,0.3763999938964844,0.37226439714431764,0.37147998809814453,0.002426704234935274,5,0.00443999981507659,0.004559999797493219,0.004503999929875135,0.004519999958574772,4.079213795521706e-05,5,2880,64,8,32,8,9216,TORCH_SDPA,[8192],[0],"[8192, 8192, 8192, 8192, 8192, 8192, 8192, 8192, 8192, 8192, 8192, 8192, 8192, 8192, 8192, 8192, 8192, 8192, 8192, 8192, 8192, 8192, 8192, 8192, 8192, 8192, 8192, 8192, 8192, 8192, 8192, 8192]",1,32,32,33,8192,32,8224,8192,0.030303030303030304,true_mixed,True,False,True,33,0,0,False,0,0,BF16,CUDA_EVENT,generic,generic,none
0.00443999981507659,0.005640000104904175,0.004727999959141016,0.004519999958574772,0.0004598435376254157,5,0.018640000373125076,0.06207999959588051,0.027559999749064444,0.01899999938905239,0.01726111923411505,5,5.373244762420654,5.468766212463379,5.399974060058594,5.376046180725098,0.036697719889453764,5,0.4912010133266449,0.49588099122047424,0.49292060136795046,0.491800993680954,0.001857146283276417,5,0.004399999976158142,0.004600000102072954,0.004480000026524067,0.004480000119656324,6.693286652482382e-05,5,2880,64,8,32,8,9216,TORCH_SDPA,[8192],[0],"[6144, 6144, 6144, 6144, 6144, 6144, 6144, 6144, 6144, 6144, 6144, 6144, 6144, 6144, 6144, 6144, 6144, 6144, 6144, 6144, 6144, 6144, 6144, 6144, 6144, 6144, 6144, 6144, 6144, 6144, 6144, 6144, 6144, 6144, 6144, 6144, 6144, 6144, 6144, 6144, 6144, 6144, 6144, 6144, 6144, 6144, 6144, 6144]",1,48,48,49,8192,48,8240,6144,0.02040816326530612,true_mixed,True,False,True,49,0,0,False,0,0,BF16,CUDA_EVENT,generic,generic,none
0.00431999983265996,0.006240000016987324,0.004767999984323978,0.00443999981507659,0.0007381707309759138,5,0.018079999834299088,0.09576000273227692,0.034064000472426414,0.01892000064253807,0.030849712701101897,5,5.328286170959473,5.415125846862793,5.361350059509277,5.3514862060546875,0.03300851066161544,5,0.07655999809503555,0.08036000281572342,0.07759999930858612,0.07683999836444855,0.0014182823080734772,5,0.004399999976158142,0.004480000119656324,0.004431999940425158,0.00443999981507659,2.993328789585909e-05,5,2880,64,8,32,8,9216,TORCH_SDPA,[8192],[0],"[512, 512, 512, 512, 512, 512, 512, 512, 512, 512, 512, 512, 512, 512, 512, 512, 512, 512, 512, 512, 512, 512, 512, 512, 512, 512, 512, 512, 512, 512, 512, 512, 512, 512, 512, 512, 512, 512, 512, 512, 512, 512, 512, 512, 512, 512, 512, 512]",1,48,48,49,8192,48,8240,512,0.02040816326530612,true_mixed,True,False,True,49,0,0,False,0,0,BF16,CUDA_EVENT,generic,generic,none
0.00443999981507659,0.00535999983549118,0.0046639999374747275,0.004519999958574772,0.0003492620316257908,5,0.018360000103712082,0.052239999175071716,0.02542399987578392,0.01875999942421913,0.013409956546148957,5,5.373807907104492,5.550207138061523,5.419296169281006,5.392208099365234,0.06605651247428318,5,0.6848809719085693,0.6927610039710999,0.689152991771698,0.6897609829902649,0.002671025208131554,5,0.00443999981507659,0.006279999855905771,0.004847999941557646,0.004480000119656324,0.0007170606220845676,5,2880,64,8,32,8,9216,TORCH_SDPA,[8192],[0],"[5120, 5120, 5120, 5120, 5120, 5120, 5120, 5120, 5120, 5120, 5120, 5120, 5120, 5120, 5120, 5120, 5120, 5120, 5120, 5120, 5120, 5120, 5120, 5120, 5120, 5120, 5120, 5120, 5120, 5120, 5120, 5120, 5120, 5120, 5120, 5120, 5120, 5120, 5120, 5120, 5120, 5120, 5120, 5120, 5120, 5120, 5120, 5120, 5120, 5120, 5120, 5120, 5120, 5120, 5120, 5120, 5120, 5120, 5120, 5120, 5120, 5120, 5120, 5120, 5120, 5120, 5120, 5120, 5120, 5120, 5120, 5120, 5120, 5120, 5120, 5120, 5120, 5120, 5120, 5120, 5120, 5120, 5120, 5120, 5120, 5120, 5120, 5120, 5120, 5120, 5120, 5120, 5120, 5120, 5120, 5120]",1,96,96,97,8192,96,8288,5120,0.010309278350515464,true_mixed,True,False,True,97,0,0,False,0,0,BF16,CUDA_EVENT,generic,generic,none
0.004399999976158142,0.005760000087320805,0.004751999955624342,0.004519999958574772,0.0005068491509371734,5,0.01844000071287155,0.125,0.04017620012164116,0.01907999999821186,0.04241311971897861,5,5.364686965942383,5.408446788787842,5.377223014831543,5.371487140655518,0.015828206920087434,5,0.6404410004615784,0.6424009799957275,0.6413607954978943,0.6415200233459473,0.0007301072275043575,5,0.00443999981507659,0.004600000102072954,0.004527999926358462,0.004519999958574772,5.306606375125428e-05,5,2880,64,8,32,8,9216,TORCH_SDPA,[8192],[0],"[8192, 8192, 8192, 8192, 8192, 8192, 8192, 8192, 8192, 8192, 8192, 8192, 8192, 8192, 8192, 8192, 8192, 8192, 8192, 8192, 8192, 8192, 8192, 8192, 8192, 8192, 8192, 8192, 8192, 8192, 8192, 8192, 8192, 8192, 8192, 8192, 8192, 8192, 8192, 8192, 8192, 8192, 8192, 8192, 8192, 8192, 8192, 8192]",1,48,48,49,8192,48,8240,8192,0.02040816326530612,true_mixed,True,False,True,49,0,0,False,0,0,BF16,CUDA_EVENT,generic,generic,none
0.004399999976158142,0.00559999980032444,0.004688000027090311,0.004480000119656324,0.00045705131007222277,5,0.018200000748038292,0.07392100244760513,0.03056820034980774,0.01875999942421913,0.021775003159220086,5,5.333685874938965,5.501726150512695,5.376734066009521,5.348206043243408,0.06330433822397666,5,0.08219999819993973,0.08839999884366989,0.08480020016431808,0.08340100198984146,0.002329652049950728,5,0.004360000137239695,0.005200000014156103,0.00458399998024106,0.00443999981507659,0.00031045773869704216,5,2880,64,8,32,8,9216,TORCH_SDPA,[8192],[0],"[512, 512, 512, 512, 512, 512, 512, 512, 512, 512, 512, 512, 512, 512, 512, 512, 512, 512, 512, 512, 512, 512, 512, 512, 512, 512, 512, 512, 512, 512, 512, 512, 512, 512, 512, 512, 512, 512, 512, 512, 512, 512, 512, 512, 512, 512, 512, 512, 512, 512, 512, 512, 512, 512, 512, 512, 512, 512, 512, 512, 512, 512, 512, 512]",1,64,64,65,8192,64,8256,512,0.015384615384615385,true_mixed,True,False,True,65,0,0,False,0,0,BF16,CUDA_EVENT,generic,generic,none
0.00443999981507659,0.004559999797493219,0.004479999933391809,0.004480000119656324,4.381779818013822e-05,5,0.01868000067770481,0.04820000007748604,0.024687999859452248,0.018799999728798866,0.01175666357996846,5,5.358327865600586,5.457687854766846,5.384031581878662,5.369967937469482,0.037153051330458015,5,0.5387600064277649,0.5482410192489624,0.5429366111755372,0.54100102186203,0.0035258554224504913,5,0.00443999981507659,0.005640000104904175,0.004751999955624342,0.004559999797493219,0.0004471421178229228,5,2880,64,8,32,8,9216,TORCH_SDPA,[8192],[0],"[6144, 6144, 6144, 6144, 6144, 6144, 6144, 6144, 6144, 6144, 6144, 6144, 6144, 6144, 6144, 6144, 6144, 6144, 6144, 6144, 6144, 6144, 6144, 6144, 6144, 6144, 6144, 6144, 6144, 6144, 6144, 6144, 6144, 6144, 6144, 6144, 6144, 6144, 6144, 6144, 6144, 6144, 6144, 6144, 6144, 6144, 6144, 6144, 6144, 6144, 6144, 6144, 6144, 6144, 6144, 6144, 6144, 6144, 6144, 6144, 6144, 6144, 6144, 6144]",1,64,64,65,8192,64,8256,6144,0.015384615384615385,true_mixed,True,False,True,65,0,0,False,0,0,BF16,CUDA_EVENT,generic,generic,none
0.00443999981507659,0.052239999175071716,0.014023999869823455,0.004480000119656324,0.01910800593281096,5,0.018319999799132347,0.047759998589754105,0.024479999765753747,0.018799999728798866,0.011641442622429587,5,5.366726875305176,5.577445983886719,5.414110374450684,5.379487037658691,0.08186520902483332,5,0.7260810136795044,0.7358009815216064,0.7309128046035767,0.7301610112190247,0.0034570346125546345,5,0.00443999981507659,0.004519999958574772,0.004487999901175499,0.004519999958574772,3.9191906183995976e-05,5,2880,64,8,32,8,9216,TORCH_SDPA,[8192],[0],"[8192, 8192, 8192, 8192, 8192, 8192, 8192, 8192, 8192, 8192, 8192, 8192, 8192, 8192, 8192, 8192, 8192, 8192, 8192, 8192, 8192, 8192, 8192, 8192, 8192, 8192, 8192, 8192, 8192, 8192, 8192, 8192, 8192, 8192, 8192, 8192, 8192, 8192, 8192, 8192, 8192, 8192, 8192, 8192, 8192, 8192, 8192, 8192, 8192, 8192, 8192, 8192, 8192, 8192, 8192, 8192, 8192, 8192, 8192, 8192, 8192, 8192, 8192, 8192]",1,64,64,65,8192,64,8256,8192,0.015384615384615385,true_mixed,True,False,True,65,0,0,False,0,0,BF16,CUDA_EVENT,generic,generic,none
0.004360000137239695,0.009759999811649323,0.005487999971956014,0.00443999981507659,0.0021363744184656097,5,0.018880000337958336,0.07800000160932541,0.03094400018453598,0.01940000057220459,0.023529177153718276,5,5.348206043243408,5.498166084289551,5.381814098358154,5.356006145477295,0.05827790230915965,5,0.11131999641656876,0.11475999653339386,0.11295999884605408,0.11296000331640244,0.0011191423959881956,5,0.004399999976158142,0.0063599999994039536,0.004832000005990267,0.004480000119656324,0.0007654123047075372,5,2880,64,8,32,8,9216,TORCH_SDPA,[8192],[0],"[512, 512, 512, 512, 512, 512, 512, 512, 512, 512, 512, 512, 512, 512, 512, 512, 512, 512, 512, 512, 512, 512, 512, 512, 512, 512, 512, 512, 512, 512, 512, 512, 512, 512, 512, 512, 512, 512, 512, 512, 512, 512, 512, 512, 512, 512, 512, 512, 512, 512, 512, 512, 512, 512, 512, 512, 512, 512, 512, 512, 512, 512, 512, 512, 512, 512, 512, 512, 512, 512, 512, 512, 512, 512, 512, 512, 512, 512, 512, 512, 512, 512, 512, 512, 512, 512, 512, 512, 512, 512, 512, 512, 512, 512, 512, 512]",1,96,96,97,8192,96,8288,512,0.010309278350515464,true_mixed,True,False,True,97,0,0,False,0,0,BF16,CUDA_EVENT,generic,generic,none
0.004480000119656324,0.007519999984651804,0.0054720000363886355,0.004600000102072954,0.0012083443342326848,5,0.01860000006854534,0.04619999974966049,0.02460019998252392,0.01947999931871891,0.010805881252146278,5,5.361807823181152,5.553688049316406,5.408784008026123,5.370128154754639,0.07306973350635704,5,0.8191210031509399,0.8230410218238831,0.8205130100250244,0.8202810287475586,0.0014147665515804094,5,0.00443999981507659,0.004559999797493219,0.004511999804526568,0.004559999797493219,5.878774521273928e-05,5,2880,64,8,32,8,9216,TORCH_SDPA,[8192],[0],"[6144, 6144, 6144, 6144, 6144, 6144, 6144, 6144, 6144, 6144, 6144, 6144, 6144, 6144, 6144, 6144, 6144, 6144, 6144, 6144, 6144, 6144, 6144, 6144, 6144, 6144, 6144, 6144, 6144, 6144, 6144, 6144, 6144, 6144, 6144, 6144, 6144, 6144, 6144, 6144, 6144, 6144, 6144, 6144, 6144, 6144, 6144, 6144, 6144, 6144, 6144, 6144, 6144, 6144, 6144, 6144, 6144, 6144, 6144, 6144, 6144, 6144, 6144, 6144, 6144, 6144, 6144, 6144, 6144, 6144, 6144, 6144, 6144, 6144, 6144, 6144, 6144, 6144, 6144, 6144, 6144, 6144, 6144, 6144, 6144, 6144, 6144, 6144, 6144, 6144, 6144, 6144, 6144, 6144, 6144, 6144]",1,96,96,97,8192,96,8288,6144,0.010309278350515464,true_mixed,True,False,True,97,0,0,False,0,0,BF16,CUDA_EVENT,generic,generic,none
0.004360000137239695,0.007199999876320362,0.005040000006556511,0.004519999958574772,0.0010828110892855043,5,0.018519999459385872,0.09744100272655487,0.03496020026504994,0.01979999989271164,0.031243940039983504,5,5.362167835235596,5.5014472007751465,5.399455642700195,5.380207061767578,0.05160513385179464,5,1.0855209827423096,1.1021209955215454,1.0920653820037842,1.092002034187317,0.005743050333998092,5,0.004519999958574772,0.004600000102072954,0.004543999955058098,0.004519999958574772,3.200003411633561e-05,5,2880,64,8,32,8,9216,TORCH_SDPA,[8192],[0],"[8192, 8192, 8192, 8192, 8192, 8192, 8192, 8192, 8192, 8192, 8192, 8192, 8192, 8192, 8192, 8192, 8192, 8192, 8192, 8192, 8192, 8192, 8192, 8192, 8192, 8192, 8192, 8192, 8192, 8192, 8192, 8192, 8192, 8192, 8192, 8192, 8192, 8192, 8192, 8192, 8192, 8192, 8192, 8192, 8192, 8192, 8192, 8192, 8192, 8192, 8192, 8192, 8192, 8192, 8192, 8192, 8192, 8192, 8192, 8192, 8192, 8192, 8192, 8192, 8192, 8192, 8192, 8192, 8192, 8192, 8192, 8192, 8192, 8192, 8192, 8192, 8192, 8192, 8192, 8192, 8192, 8192, 8192, 8192, 8192, 8192, 8192, 8192, 8192, 8192, 8192, 8192, 8192, 8192, 8192, 8192]",1,96,96,97,8192,96,8288,8192,0.010309278350515464,true_mixed,True,False,True,97,0,0,False,0,0,BF16,CUDA_EVENT,generic,generic,none
