frontier_request_id,client_request_id
0,pf4096_dc1024:0
1,pf4096_dc1024:1
2,pf4096_dc1024:2
3,pf4096_dc1024:3
4,pf4096_dc1024:4
5,pf4096_dc1024:5
6,pf4096_dc1024:6
7,pf4096_dc1024:7
8,pf4096_dc1024:8
9,pf4096_dc1024:9
10,pf4096_dc1024:10
11,pf4096_dc1024:11
12,pf4096_dc1024:12
13,pf4096_dc1024:13
14,pf4096_dc1024:14
15,pf4096_dc1024:15
16,pf4096_dc1024:16
17,pf4096_dc1024:17
18,pf4096_dc1024:18
19,pf4096_dc1024:19
20,pf4096_dc1024:20
21,pf4096_dc1024:21
22,pf4096_dc1024:22
23,pf4096_dc1024:23
24,pf4096_dc1024:24
25,pf4096_dc1024:25
26,pf4096_dc1024:26
27,pf4096_dc1024:27
28,pf4096_dc1024:28
29,pf4096_dc1024:29
30,pf4096_dc1024:30
31,pf4096_dc1024:31
32,pf4096_dc1024:32
33,pf4096_dc1024:33
34,pf4096_dc1024:34
35,pf4096_dc1024:35
36,pf4096_dc1024:36
37,pf4096_dc1024:37
38,pf4096_dc1024:38
39,pf4096_dc1024:39
40,pf4096_dc1024:40
41,pf4096_dc1024:41
42,pf4096_dc1024:42
43,pf4096_dc1024:43
44,pf4096_dc1024:44
45,pf4096_dc1024:45
46,pf4096_dc1024:46
47,pf4096_dc1024:47
48,pf4096_dc1024:48
49,pf4096_dc1024:49
50,pf4096_dc1024:50
51,pf4096_dc1024:51
52,pf4096_dc1024:52
53,pf4096_dc1024:53
54,pf4096_dc1024:54
55,pf4096_dc1024:55
56,pf4096_dc1024:56
57,pf4096_dc1024:57
58,pf4096_dc1024:58
59,pf4096_dc1024:59
60,pf4096_dc1024:60
61,pf4096_dc1024:61
62,pf4096_dc1024:62
63,pf4096_dc1024:63
64,pf4096_dc1024:64
65,pf4096_dc1024:65
66,pf4096_dc1024:66
67,pf4096_dc1024:67
68,pf4096_dc1024:68
69,pf4096_dc1024:69
70,pf4096_dc1024:70
71,pf4096_dc1024:71
72,pf4096_dc1024:72
73,pf4096_dc1024:73
74,pf4096_dc1024:74
75,pf4096_dc1024:75
76,pf4096_dc1024:76
77,pf4096_dc1024:77
78,pf4096_dc1024:78
79,pf4096_dc1024:79
80,pf4096_dc1024:80
81,pf4096_dc1024:81
82,pf4096_dc1024:82
83,pf4096_dc1024:83
84,pf4096_dc1024:84
85,pf4096_dc1024:85
86,pf4096_dc1024:86
87,pf4096_dc1024:87
88,pf4096_dc1024:88
89,pf4096_dc1024:89
90,pf4096_dc1024:90
91,pf4096_dc1024:91
92,pf4096_dc1024:92
93,pf4096_dc1024:93
94,pf4096_dc1024:94
95,pf4096_dc1024:95
96,pf4096_dc1024:96
97,pf4096_dc1024:97
98,pf4096_dc1024:98
99,pf4096_dc1024:99
