time_stats.emb.min,time_stats.emb.max,time_stats.emb.mean,time_stats.emb.median,time_stats.emb.std,time_stats.emb.count,time_stats.input_layernorm.min,time_stats.input_layernorm.max,time_stats.input_layernorm.mean,time_stats.input_layernorm.median,time_stats.input_layernorm.std,time_stats.input_layernorm.count,time_stats.attn_pre_proj_qkv.min,time_stats.attn_pre_proj_qkv.max,time_stats.attn_pre_proj_qkv.mean,time_stats.attn_pre_proj_qkv.median,time_stats.attn_pre_proj_qkv.std,time_stats.attn_pre_proj_qkv.count,time_stats.attn_pre_proj_q_norm.min,time_stats.attn_pre_proj_q_norm.max,time_stats.attn_pre_proj_q_norm.mean,time_stats.attn_pre_proj_q_norm.median,time_stats.attn_pre_proj_q_norm.std,time_stats.attn_pre_proj_q_norm.count,time_stats.attn_pre_proj_wq.min,time_stats.attn_pre_proj_wq.max,time_stats.attn_pre_proj_wq.mean,time_stats.attn_pre_proj_wq.median,time_stats.attn_pre_proj_wq.std,time_stats.attn_pre_proj_wq.count,time_stats.attn_pre_proj.min,time_stats.attn_pre_proj.max,time_stats.attn_pre_proj.mean,time_stats.attn_pre_proj.median,time_stats.attn_pre_proj.std,time_stats.attn_pre_proj.count,time_stats.attn_rope.min,time_stats.attn_rope.max,time_stats.attn_rope.mean,time_stats.attn_rope.median,time_stats.attn_rope.std,time_stats.attn_rope.count,time_stats.attn_post_proj.min,time_stats.attn_post_proj.max,time_stats.attn_post_proj.mean,time_stats.attn_post_proj.median,time_stats.attn_post_proj.std,time_stats.attn_post_proj.count,time_stats.post_attention_layernorm.min,time_stats.post_attention_layernorm.max,time_stats.post_attention_layernorm.mean,time_stats.post_attention_layernorm.median,time_stats.post_attention_layernorm.std,time_stats.post_attention_layernorm.count,time_stats.share_expert_up_proj.min,time_stats.share_expert_up_proj.max,time_stats.share_expert_up_proj.mean,time_stats.share_expert_up_proj.median,time_stats.share_expert_up_proj.std,time_stats.share_expert_up_proj.count,time_stats.share_expert_act.min,time_stats.share_expert_act.max,time_stats.share_expert_act.mean,time_stats.share_expert_act.median,time_stats.share_expert_act.std,time_stats.share_expert_act.count,time_stats.share_expert_down_proj.min,time_stats.share_expert_down_proj.max,time_stats.share_expert_down_proj.mean,time_stats.share_expert_down_proj.median,time_stats.share_expert_down_proj.std,time_stats.share_expert_down_proj.count,n_head,n_kv_head,n_embd,n_expanded_embd,vocab_size,use_gated_mlp,use_qk_norm,attn_output_gate,num_tokens,num_tensor_parallel_workers,padded_n_embd,padded_n_expanded_embd,model_arch,is_step2_mini,share_expert_dim,share_q_dim,measurement_type,profiling_precision,quant_signature,model_architecture_profile
0.0142080001533031,0.0249600000679492,0.0171535998582839,0.0167839992791414,0.0024059333655228,40.0,0.0159040000289678,0.0181760005652904,0.0170623999089002,0.0170719996094703,0.0005038958796617,20.0,0.0353280007839202,0.0434559993445873,0.036651200056076,0.0363040007650852,0.0016577195067113,20.0,0.0306880008429288,0.042688000947237,0.0335712002590298,0.0327039994299411,0.0031774712013401,20.0,0.0433599986135959,0.0460160002112388,0.0440991999581456,0.0439839996397495,0.0005634998666978,20,0.1719679981470108,0.3070079982280731,0.1839632004499435,0.175135999917984,0.0288633918862801,20,0.0126080000773072,0.01961600035429,0.0145711999386549,0.0140959997661411,0.0019790202448037,20,0.1084799990057945,0.1119360029697418,0.1098992001265287,0.1097920015454292,0.0009097954106728,20,0.0075199999846518,0.0084480000659823,0.008148799999617,0.0081599997356534,0.000187213600892,20.0,0.0552639998495578,0.0674879997968673,0.0580255998298525,0.0565599985420703,0.0034110272440289,20,0.0067839999683201,0.0077439998276531,0.0073792000534012,0.0074080000631511,0.0002138021263379,20,0.0330559983849525,0.0476160012185573,0.0398447996005415,0.0402719993144273,0.0039602930120287,20,64,1,7168,5120,128815,True,False,False,128,1,7168,5120,generic,False,5120,2048,CUDA_EVENT,BF16,none,step3_text
0.0152960000559687,0.0262080002576112,0.0179255999391898,0.0176479993388056,0.0018715881500418,40.0,0.0162560008466243,0.018368000164628,0.0169152000918984,0.0168639998883008,0.0005139363793728,20.0,0.0329600013792514,0.0423679985105991,0.0342448003590106,0.0335999988019466,0.002007378684467,20.0,0.0316479988396167,0.0364799983799457,0.0330895999446511,0.0329439993947744,0.0010565559843719,20.0,0.0417920015752315,0.0447040013968944,0.0426208002492785,0.0425920002162456,0.0006002793343751,20,0.1707199960947036,0.2181439995765686,0.1793439991772175,0.1760319992899894,0.0106781913606183,20,0.0131200002506375,0.0206400007009506,0.0153968000784516,0.0149280000478029,0.0016918978455816,20,0.1033599972724914,0.1055359989404678,0.1045504003763198,0.1046719998121261,0.0005426437886102,20,0.0070719998329877,0.0077760000713169,0.0074272000463679,0.007424000184983,0.0001708033085627,20.0,0.0578560009598732,0.0653119981288909,0.062996800430119,0.063824001699686,0.0022025044325876,20,0.0071040000766515,0.0075520002283155,0.0073184000561013,0.0073279999196529,0.0001007365205514,20,0.0394879989326,0.0477119982242584,0.0422175999730825,0.0419359989464283,0.0017379885007798,20,64,1,7168,5120,128815,True,False,False,64,1,7168,5120,generic,False,5120,2048,CUDA_EVENT,BF16,none,step3_text
0.0160959996283054,0.0248639993369579,0.0185288000851869,0.017744000069797,0.0023009033109343,40.0,0.0160639993846416,0.018079999834299,0.0170895999297499,0.0170080000534653,0.0005509648940859,20.0,0.0353280007839202,0.0382080003619194,0.0363600002601742,0.0362560003995895,0.0007885822739488,20.0,0.0316159985959529,0.0711679980158805,0.0346495999023318,0.0323360003530979,0.008429552784953,20.0,0.0417600013315677,0.0438399985432624,0.0424303997308015,0.0422400012612342,0.0005533755090877,20,0.1728319972753524,0.2269439995288849,0.1799552001059055,0.176656000316143,0.0116402096487142,20,0.0135679999366402,0.0188800003379583,0.0151424000971019,0.0149920000694692,0.0011858407596635,20,0.0952320024371147,0.099040001630783,0.0961968004703521,0.0961120016872882,0.0007863981286264,20,0.0068479999899864,0.0077439998276531,0.0074128000298514,0.007424000184983,0.0001791070971597,20.0,0.0648640021681785,0.0670399963855743,0.0658192001283168,0.0657920017838478,0.0005869424446937,20,0.0069439997896552,0.0075199999846518,0.0072527999989688,0.0072800000198185,0.0001277097027418,20,0.0382080003619194,0.042943999171257,0.0408672004938125,0.0411200001835823,0.0013224517551373,20,64,1,7168,5120,128815,True,False,False,32,1,7168,5120,generic,False,5120,2048,CUDA_EVENT,BF16,none,step3_text
0.0163199994713068,0.0249279998242855,0.0191823999863117,0.0186560004949569,0.0024354917102056,40.0,0.0159040000289678,0.018495999276638,0.0169487998820841,0.0168960001319646,0.0006151391355937,20.0,0.0345279984176158,0.0370559990406036,0.0353375997394323,0.0352320000529289,0.000651740521589,20.0,0.0306880008429288,0.0700159966945648,0.0345648000948131,0.0323680005967617,0.0082784633756389,20.0,0.0414399988949298,0.0432960018515586,0.0419680001214146,0.0419199988245964,0.0004357766787845,20,0.1715520024299621,0.2134400010108947,0.1784416005015373,0.1751680001616478,0.0097398452533363,20,0.012351999990642,0.0748480036854744,0.0180640001781284,0.0153120001778006,0.0130967509167613,20,0.0996159985661506,0.1071360036730766,0.1025087997317314,0.1018400005996227,0.0018821175570446,20,0.0067839999683201,0.0074880002066493,0.0072656000498682,0.0072960001416504,0.0001454064739109,20.0,0.0570879988372325,0.0738240033388137,0.0645904000848531,0.0647520013153553,0.0028911874492731,20,0.0067520001903176,0.0073600001633167,0.0070848000235855,0.0071199999656528,0.0001453800198455,20,0.0395199991762638,0.042688000947237,0.0408175999298691,0.0405759997665882,0.0008613574664396,20,64,1,7168,5120,128815,True,False,False,16,1,7168,5120,generic,False,5120,2048,CUDA_EVENT,BF16,none,step3_text
0.0132160000503063,0.0201919991523027,0.0155232000630348,0.0153919998556375,0.0011294865858458,40.0,0.0158399995416402,0.0178880002349615,0.0168287998996675,0.016847999766469,0.000505144200088,20.0,0.0340159982442855,0.0371840000152587,0.0348943999037146,0.0347039997577667,0.0006712739360736,20.0,0.0313280001282691,0.0695680007338523,0.034252799861133,0.0323520004749298,0.0081582770755374,20.0,0.0407680012285709,0.0422400012612342,0.0413615999743342,0.0413279999047517,0.0003922419472088,20,0.1702719926834106,0.2124799937009811,0.1764063984155655,0.1738559976220131,0.0092166167802621,20,0.0134720001369714,0.0196480005979537,0.015537599986419,0.0157599998638033,0.0013863971084743,20,0.0968319997191429,0.1045119985938072,0.099100799486041,0.0991040021181106,0.0014772395100881,20,0.0071040000766515,0.0077120000496506,0.007336000027135,0.0072960001416504,0.0001295407329367,20.0,0.0649920031428337,0.0671039968729019,0.0661792002618312,0.0661759972572326,0.000550817558204,20,0.0067520001903176,0.0074559999629855,0.0072048000060021,0.0071999998763203,0.0001296986837,20,0.0404799990355968,0.0462719984352588,0.0435839997604489,0.0439999997615814,0.0014089086236059,20,64,1,7168,5120,128815,True,False,False,8,1,7168,5120,generic,False,5120,2048,CUDA_EVENT,BF16,none,step3_text
0.0135679999366402,0.0191040001809597,0.0152535999659448,0.0151999997906386,0.0011719251309596,40.0,0.0156800001859664,0.0180479995906353,0.0165743998251855,0.0165120000019669,0.0006134053454867,20.0,0.033984001725912,0.0359679982066154,0.0348591996356844,0.0347840003669261,0.0005135248142663,20.0,0.0312319993972778,0.0732799991965293,0.0353871997445821,0.032575998455286,0.0090581609589942,20.0,0.0401280000805854,0.0435840003192424,0.0414288001134991,0.0416800007224082,0.000836925287401,20,0.169632002711296,0.2208320051431656,0.1785727992653846,0.1747839972376823,0.0116310365151664,20,0.0137599995359778,0.018368000164628,0.0158448000438511,0.015808000229299,0.0012873101288438,20,0.0970560014247894,0.1004479974508285,0.0988143999129533,0.0991200022399425,0.0009054060977492,20,0.0066880001686513,0.0074559999629855,0.0072320000268518,0.0072800000198185,0.0001911983170411,20.0,0.0650240033864975,0.0666880011558532,0.0659423995763063,0.0659999996423721,0.0005000708927106,20,0.006624000146985,0.0074880002066493,0.0070768000092357,0.0071680000983178,0.00022948148078,20,0.040192000567913,0.0474560000002384,0.0436207996681332,0.04377599991858,0.0016017357997643,20,64,1,7168,5120,128815,True,False,False,4,1,7168,5120,generic,False,5120,2048,CUDA_EVENT,BF16,none,step3_text
0.0142080001533031,0.0224319994449615,0.0159095999784767,0.0153920003212988,0.0017134630196991,40.0,0.0165119990706443,0.0241919998079538,0.0177967999130487,0.017119999974966,0.0018743172735203,20.0,0.0338240005075931,0.0536319985985755,0.03687200024724,0.0349920000880956,0.004728457156086,20.0,0.0317439995706081,0.0743359997868537,0.0363247999921441,0.0334560014307498,0.009056041050962,20.0,0.0399679988622665,0.0466560013592243,0.0416096000000834,0.0412000007927417,0.0015563026947922,20,0.1719039976596832,0.2594879865646362,0.1873215965926647,0.1770079955458641,0.0222668539687243,20,0.014623999595642,0.0223999992012977,0.0170255999080836,0.0165759995579719,0.0021745754676674,20,0.096511997282505,0.1082239970564842,0.0990575991570949,0.0985279977321624,0.0025951870807724,20,0.0071680000983178,0.0079039996489882,0.0073840000433847,0.0073760000523179,0.0001740619910879,20.0,0.0646720007061958,0.0675520002841949,0.0661488000303506,0.0660479962825775,0.000690360916164,20,0.0069439997896552,0.0072639998979866,0.0071295999689027,0.0071519999764859,9.416919381345824e-05,20,0.042272001504898,0.0553280003368854,0.0450272001326084,0.0446240007877349,0.0025918004689387,20,64,1,7168,5120,128815,True,False,False,2,1,7168,5120,generic,False,5120,2048,CUDA_EVENT,BF16,none,step3_text
0.0125120002776384,0.019328000023961,0.0149952000239864,0.0145279997959733,0.0013426049144212,40.0,0.0162240006029605,0.0204160008579492,0.0171391999348998,0.0166400000452995,0.001165757989613,20.0,0.033280000090599,0.0434559993445873,0.0352656001225113,0.0343680009245872,0.0023907762897836,20.0,0.0224959999322891,0.0606079995632171,0.0259872002527117,0.0236160000786185,0.0082325923917417,20.0,0.0396480001509189,0.0417920015752315,0.0403872000053524,0.0402400009334087,0.0004978960647697,20,0.1601279973983764,0.2008319944143295,0.1688879996538162,0.1640639975666999,0.0103803330548162,20,0.0138240000233054,0.0252480003982782,0.01638880004175,0.0159200001507997,0.0022861145397474,20,0.0953920036554336,0.1005439981818199,0.0974256005138158,0.0972800031304359,0.001179470622604,20,0.0071680000983178,0.0078079998493194,0.0073536000447347,0.0073279999196529,0.0001317840086529,20.0,0.0642239972949028,0.0660160034894943,0.0650800000876188,0.0650880001485347,0.0004690898909636,20,0.0067520001903176,0.0081919999793171,0.0069615999935194,0.0068800000008195,0.0002952812730744,20,0.0425599999725818,0.0460800006985664,0.0446703998371958,0.0444959998130798,0.0009131207332934,20,64,1,7168,5120,128815,True,False,False,1,1,7168,5120,generic,False,5120,2048,CUDA_EVENT,BF16,none,step3_text
,,,,,,,,,,,,,,,,,,,,,,,,0.0327359996736049,0.035615999251604,0.0335568001493811,0.0334080010652542,0.0007119747784855,20,0.1710399985313415,0.2762880027294159,0.1846416026353836,0.1776960045099258,0.0225859428348133,20,0.0221759993582963,0.0256639998406171,0.0236032000742852,0.0235200002789497,0.0009030804595754,20,0.060224000364542,0.0620479993522167,0.0609840000048279,0.0608639996498823,0.0004817966536007,20,,,,,,,0.0430399999022483,0.0474560000002384,0.0438832001760602,0.0437280014157295,0.0009277944293226,20,0.0064320000819861,0.0089279999956488,0.0069711999967694,0.0066559999249875,0.0006224205392411,20,0.030112000182271,0.0313600003719329,0.0307488000020384,0.0307040000334382,0.0003374293805727,20,64,1,7168,5120,128815,True,False,False,128,2,7168,5120,generic,False,5120,2048,CUDA_EVENT,BF16,none,step3_text
,,,,,,,,,,,,,,,,,,,,,,,,0.0313920006155967,0.0335040017962455,0.0321280000731349,0.0320160016417503,0.0004890874179084,20,0.1651519984006881,0.1860159933567047,0.1724912002682685,0.1720800027251243,0.0059005280511152,20,0.0218560006469488,0.0244800001382827,0.0228752001188695,0.0226240009069442,0.0007663498557952,20,0.0579200014472007,0.0622400008141994,0.0587551997974514,0.0585599988698959,0.0008983912105371,20,,,,,,,0.0413439981639385,0.0430720001459121,0.042060799524188,0.0419359989464283,0.0005093331735758,20,0.0062719997949898,0.0192319992929697,0.007574399956502,0.0068639998789876,0.0027233126590014,20,0.0293119996786117,0.0316799990832805,0.0301472000777721,0.0300159994512796,0.0005311325436225,20,64,1,7168,5120,128815,True,False,False,64,2,7168,5120,generic,False,5120,2048,CUDA_EVENT,BF16,none,step3_text
,,,,,,,,,,,,,,,,,,,,,,,,0.0310399997979402,0.0333120003342628,0.0322368002496659,0.0323520004749298,0.0006387508211643,20,0.1700800061225891,0.1938560009002685,0.1779376000165939,0.1758399978280067,0.006641642863737,20,0.0221759993582963,0.0250560007989406,0.0230767998844385,0.022911999374628,0.0006832039249969,20,0.0573760010302066,0.0591679997742176,0.058300800062716,0.058415999636054,0.0005168661766621,20,,,,,,,0.041152000427246,0.0425920002162456,0.0417151998728513,0.0416480004787445,0.0004039355272379,20,0.0063680000603199,0.0089279999956488,0.007387200044468,0.0071839999873191,0.0007319033821878,20,0.0293760001659393,0.0304000005125999,0.0298096000216901,0.0297919996082782,0.0002971825229173,20,64,1,7168,5120,128815,True,False,False,32,2,7168,5120,generic,False,5120,2048,CUDA_EVENT,BF16,none,step3_text
,,,,,,,,,,,,,,,,,,,,,,,,0.0305599998682737,0.0384959988296031,0.0320975998416543,0.03175999969244,0.0016178671650699,20,0.168160006403923,0.1988800019025802,0.174931202083826,0.1732480004429817,0.0066301912887199,20,0.0210880003869533,0.0251839999109506,0.0228816001676023,0.0227680001407861,0.0010042328219146,20,0.0563840009272098,0.0595519989728927,0.0577263999730348,0.0577600002288818,0.0008046248905344,20,,,,,,,0.0403200015425682,0.0421120002865791,0.0410960000008344,0.0409439988434314,0.0005079714373198,20,0.0063999998383224,0.0112960003316402,0.007902400009334,0.0075360001064836,0.001136314376457,20,0.0286720003932714,0.0306240003556013,0.0296784000471234,0.0296160001307725,0.000384596239637,20,64,1,7168,5120,128815,True,False,False,16,2,7168,5120,generic,False,5120,2048,CUDA_EVENT,BF16,none,step3_text
,,,,,,,,,,,,,,,,,,,,,,,,0.0303680002689361,0.0346239991486072,0.031742400303483,0.0315519999712705,0.0009000181465069,20,0.1665280014276504,0.2585279941558838,0.1800767995417118,0.1744959950447082,0.0196814230937057,20,0.0220480002462863,0.0248000007122755,0.0230544001795351,0.0228639999404549,0.0006902271560446,20,0.0605439990758895,0.0631679967045784,0.0619583999738097,0.0619040001183748,0.0007026609540092,20,,,,,,,0.040192000567913,0.0419519990682601,0.0411280000582337,0.0411840006709098,0.0005118873128814,20,0.0063999998383224,0.0110080000013113,0.0075199999380856,0.0072319998871535,0.0010233997861772,20,0.0288960002362728,0.0299839992076158,0.0295551999472081,0.0295839998871088,0.0002552788294034,20,64,1,7168,5120,128815,True,False,False,8,2,7168,5120,generic,False,5120,2048,CUDA_EVENT,BF16,none,step3_text
,,,,,,,,,,,,,,,,,,,,,,,,0.0304320007562637,0.0320320017635822,0.0310736002400517,0.0311200004070997,0.0004519228761706,20,0.1664640009403228,0.2210880070924759,0.1752192012965679,0.172832004725933,0.011221637281114,20,0.021536000072956,0.0243519991636276,0.0228064000606536,0.0226719994097948,0.0006317142875483,20,0.0600959993898868,0.0631679967045784,0.0614831995218992,0.0614559985697269,0.0007038016919807,20,,,,,,,0.0397760011255741,0.041567999869585,0.0407631997019052,0.0408319998532533,0.0004741264698245,20,0.0063359998166561,0.0087999999523162,0.0072527999756857,0.0070559999439865,0.000665667356967,20,0.028736000880599,0.0308480001986026,0.0293952002190053,0.0292160008102655,0.0004965055215174,20,64,1,7168,5120,128815,True,False,False,4,2,7168,5120,generic,False,5120,2048,CUDA_EVENT,BF16,none,step3_text
,,,,,,,,,,,,,,,,,,,,,,,,0.0305279996246099,0.0358080007135868,0.0315440000034868,0.0311520006507635,0.0011315914850172,20,0.1707199960947036,0.2194560021162033,0.1794271990656852,0.1747360005974769,0.0124083927668819,20,0.021951999515295,0.0257920008152723,0.023193599935621,0.0227199997752904,0.0010398082031601,20,0.0597120001912117,0.0628160014748573,0.0611471999436616,0.0610719993710517,0.0007736642029623,20,,,,,,,0.0403520017862319,0.0418559983372688,0.0410624001175165,0.0410559996962547,0.0004747013148915,20,0.0062400000169873,0.0151680000126361,0.0079407999757677,0.0074400000739842,0.0019536065249685,20,0.0283519998192787,0.029823999851942,0.0292368000373244,0.029263999313116,0.0003391508992923,20,64,1,7168,5120,128815,True,False,False,2,2,7168,5120,generic,False,5120,2048,CUDA_EVENT,BF16,none,step3_text
,,,,,,,,,,,,,,,,,,,,,,,,0.0297279991209507,0.033280000090599,0.0305952000431716,0.0304000005125999,0.0008482053822078,20,0.1567679941654205,0.2145279943943023,0.1678415991365909,0.1641919985413551,0.0123281399632374,20,0.0212159994989633,0.0260160006582736,0.0227424001321196,0.0225280001759529,0.0009697162605236,20,0.0603520013391971,0.068800002336502,0.0616016004234552,0.0611199997365474,0.0017744998031574,20,,,,,,,0.0403200015425682,0.0464639998972415,0.0413808004930615,0.0412000007927417,0.0012622883051089,20,0.0063680000603199,0.0125120002776384,0.0081504000118002,0.0077919999603182,0.0014589018294562,20,0.0290239993482828,0.0307519994676113,0.0296239999122917,0.029551999643445,0.0003512537500493,20,64,1,7168,5120,128815,True,False,False,1,2,7168,5120,generic,False,5120,2048,CUDA_EVENT,BF16,none,step3_text
,,,,,,,,,,,,,,,,,,,,,,,,0.0261439997702837,0.0290239993482828,0.0270863999612629,0.0268000001087784,0.0007771766899629,20,0.1624960005283355,0.2776319980621338,0.1789344005286693,0.1713280007243156,0.0242772105682171,20,0.0212479997426271,0.0250879991799592,0.0227760000154376,0.0227360008284449,0.0009119648346214,20,0.0399359986186027,0.0420479997992515,0.0408384002745151,0.0408000014722347,0.0005374286281518,20,,,,,,,0.0320959985256195,0.0338560007512569,0.0331712000072002,0.0332319997251033,0.0004055807568488,20,0.0139520000666379,0.019328000023961,0.0154480001423507,0.0153439999558031,0.0011754447879119,20,0.0236479993909597,0.0443839989602565,0.0254431998357176,0.02415999956429,0.0044998062803045,20,64,1,7168,5120,128815,True,False,False,128,4,7168,5120,generic,False,5120,2048,CUDA_EVENT,BF16,none,step3_text
,,,,,,,,,,,,,,,,,,,,,,,,0.0253120008856058,0.0273599997162818,0.0263535999692976,0.0261599998921155,0.0005896579875974,20,0.1629759967327118,0.185599997639656,0.1708528004586696,0.1698560044169426,0.0053969041252072,20,0.0212479997426271,0.0240640006959438,0.0224703999236226,0.0222880002111196,0.0008717638473485,20,0.0388480015099048,0.0417600013315677,0.040412800014019,0.0406400002539157,0.0007703895537919,20,,,,,,,0.0302719995379447,0.0362880006432533,0.0315984001383185,0.031199999153614,0.0015414065671922,20,0.0155840003862977,0.0231040008366107,0.0170736002270132,0.0166560001671314,0.0015579919133032,20,0.0236479993909597,0.0354879982769489,0.0245984001085162,0.0240000002086162,0.0025277585636018,20,64,1,7168,5120,128815,True,False,False,64,4,7168,5120,generic,False,5120,2048,CUDA_EVENT,BF16,none,step3_text
,,,,,,,,,,,,,,,,,,,,,,,,0.0264640003442764,0.0280959997326135,0.0271136000752449,0.027055999264121,0.0004902479061267,20,0.1663359999656677,0.186271995306015,0.1747423991560936,0.1740479990839958,0.0052021321475714,20,0.0212479997426271,0.0283519998192787,0.0229968002066016,0.0226880004629492,0.0015366756459402,20,0.0386560000479221,0.0403520017862319,0.0395024003461003,0.0395039990544319,0.0004236198191279,20,,,,,,,0.0329600013792514,0.0352320000529289,0.0340144000947475,0.0338560007512569,0.0005467670411181,20,0.0156479999423027,0.0198079999536275,0.017398399952799,0.017392000183463,0.0011476853841516,20,0.0229759998619556,0.0256639998406171,0.0239424001425504,0.0239840000867843,0.0005474338022375,20,64,1,7168,5120,128815,True,False,False,32,4,7168,5120,generic,False,5120,2048,CUDA_EVENT,BF16,none,step3_text
,,,,,,,,,,,,,,,,,,,,,,,,0.0261439997702837,0.0286079999059438,0.027240000013262,0.0272320006042718,0.0007519573522657,20,0.1688960045576095,0.1974399983882904,0.176969601213932,0.1753759980201721,0.0069106739033218,20,0.0207679998129606,0.0248319990932941,0.0226255998946726,0.0225280001759529,0.0008925346705499,20,0.0380799993872642,0.0399679988622665,0.0388159999623894,0.0387040004134178,0.0005635998135455,20,,,,,,,0.0328640006482601,0.0347840003669261,0.0337855998426675,0.0337600000202655,0.0005594601244187,20,0.0154240000993013,0.0211200006306171,0.01755680013448,0.0176640003919601,0.0014032384225436,20,0.0232640001922845,0.0308800004422664,0.0242319998331367,0.0238719992339611,0.0015649236265968,20,64,1,7168,5120,128815,True,False,False,16,4,7168,5120,generic,False,5120,2048,CUDA_EVENT,BF16,none,step3_text
,,,,,,,,,,,,,,,,,,,,,,,,0.0252480003982782,0.0316479988396167,0.0262927998788654,0.0259039998054504,0.0012971755822799,20,0.1686400026082992,0.2137279957532882,0.1761392004787922,0.1726719960570335,0.0096521899237254,20,0.0213440004736185,0.02415999956429,0.0224256001412868,0.0221440000459551,0.0007551996873976,20,0.0371199995279312,0.0389439985156059,0.038065599836409,0.0380639992654323,0.000508435166546,20,,,,,,,0.0320000015199184,0.034655999392271,0.0334048001095652,0.0332960002124309,0.0007505276040388,20,0.0154240000993013,0.023072000592947,0.018854400049895,0.0182879995554685,0.0022437592685746,20,0.0235520005226135,0.0253759995102882,0.0241279997862875,0.0239519998431205,0.0004977001371087,20,64,1,7168,5120,128815,True,False,False,8,4,7168,5120,generic,False,5120,2048,CUDA_EVENT,BF16,none,step3_text
,,,,,,,,,,,,,,,,,,,,,,,,0.024992000311613,0.0268799997866153,0.0259679999202489,0.0258879996836185,0.0005388460743688,20,0.1672960072755813,0.2133760005235672,0.1768703997135162,0.1741280034184456,0.0098291346149696,20,0.0213440004736185,0.0241279993206262,0.022401599958539,0.0223519997671246,0.0008407827023238,20,0.036991998553276,0.0394879989326,0.0382079998031258,0.0382080003619194,0.0005760890783519,20,,,,,,,0.0315839983522892,0.0339520014822483,0.0328991994261741,0.0329440012574195,0.000520617812206,20,0.016160000115633,0.0199679993093013,0.018158399965614,0.0179840000346303,0.0010654835745252,20,0.0232640001922845,0.0244800001382827,0.0238127999939024,0.0237920004874467,0.0003064781832091,20,64,1,7168,5120,128815,True,False,False,4,4,7168,5120,generic,False,5120,2048,CUDA_EVENT,BF16,none,step3_text
,,,,,,,,,,,,,,,,,,,,,,,,0.0248639993369579,0.0311360005289316,0.0264111999422311,0.0262560006231069,0.0012826084659932,20,0.1669439971446991,0.2313600033521652,0.1765487991273403,0.172335997223854,0.013724920391536,20,0.0210560001432895,0.0234880000352859,0.0220832000486552,0.0218720007687807,0.0007030465778943,20,0.0373440012335777,0.0393280014395713,0.0379663998261094,0.0377760007977485,0.0005421595723123,20,,,,,,,0.0318080000579357,0.0339520014822483,0.0326224004849791,0.0324960015714168,0.0005814389500364,20,0.0165439993143081,0.0198400001972913,0.0183216000907123,0.0184960002079606,0.0008571266148596,20,0.0230400003492832,0.0245760008692741,0.0237408000044524,0.0237280000001192,0.0003180581207008,20,64,1,7168,5120,128815,True,False,False,2,4,7168,5120,generic,False,5120,2048,CUDA_EVENT,BF16,none,step3_text
,,,,,,,,,,,,,,,,,,,,,,,,0.0244479998946189,0.0261760000139474,0.0253087999299168,0.0253119999542832,0.0005075709024708,20,0.1595200002193451,0.2152319997549057,0.1668975979089736,0.1626559942960739,0.0118637151923569,20,0.0208960007876157,0.0272320006042718,0.0224191999062895,0.0221759993582963,0.0012540735258536,20,0.0365759991109371,0.0384959988296031,0.0377471998333931,0.0378720015287399,0.0005329127690298,20,,,,,,,0.0316799990832805,0.0341439992189407,0.032871999964118,0.0329600013792514,0.0007089189757932,20,0.0170239992439746,0.0206400007009506,0.019022399932146,0.0193440001457929,0.001020919302761,20,0.0233919993042945,0.0247360002249479,0.0240127999335527,0.02403200045228,0.0003965161124239,20,64,1,7168,5120,128815,True,False,False,1,4,7168,5120,generic,False,5120,2048,CUDA_EVENT,BF16,none,step3_text
,,,,,,,,,,,,,,,,,,,,,,,,0.0243839994072914,0.026528000831604,0.0252959999255836,0.0252000000327825,0.0005789703721081,20,0.1679040044546127,0.2691200077533722,0.1805247999727726,0.1754239946603775,0.020885767981803,20,0.0216000005602836,0.0249279998242855,0.0230400001630187,0.0229919999837875,0.0006187676837641,20,0.0294720008969306,0.0331839993596077,0.0305072002112865,0.0303199999034404,0.0007191299485624,20,,,,,,,0.0293760001659393,0.030944000929594,0.0299424001015722,0.0298560000956058,0.0004158893580657,20,0.0198079999536275,0.023072000592947,0.0212768000550568,0.0210720002651214,0.0008268703008209,20,0.0214399993419647,0.02403200045228,0.0225696000270545,0.0223200004547834,0.000705605575543,20,64,1,7168,5120,128815,True,False,False,128,8,7168,5120,generic,False,5120,2048,CUDA_EVENT,BF16,none,step3_text
,,,,,,,,,,,,,,,,,,,,,,,,0.0236479993909597,0.0330559983849525,0.0251727999188005,0.024656000547111,0.0019123116026239,20,0.1630080044269561,0.1883199959993362,0.1721936009824275,0.1698880046606063,0.0068021661150014,20,0.0206080004572868,0.029823999851942,0.0229712001048028,0.0226560002192854,0.0018439130282169,20,0.0291840005666017,0.0307839997112751,0.0300351998768746,0.0299200005829334,0.0003997310086037,20,,,,,,,0.0277440007776021,0.0292799994349479,0.0285168001428246,0.0286079999059438,0.0004712020549941,20,0.0195519998669624,0.0226559992879629,0.0214767999947071,0.021536000072956,0.0007750527221784,20,0.0214719995856285,0.0236159991472959,0.0225519998930394,0.0227359998971223,0.0006941034444361,20,64,1,7168,5120,128815,True,False,False,64,8,7168,5120,generic,False,5120,2048,CUDA_EVENT,BF16,none,step3_text
,,,,,,,,,,,,,,,,,,,,,,,,0.0241919998079538,0.0266880001872777,0.0251119998283684,0.0249439999461174,0.0006265690053198,20,0.1685760021209716,0.191103994846344,0.1761087983846664,0.1744960024952888,0.006436761017233,20,0.0213440004736185,0.02403200045228,0.0224112002179026,0.0224639996886253,0.0006133052336415,20,0.0290559995919466,0.0374399982392787,0.030487999971956,0.0299040004611015,0.0020791102540433,20,,,,,,,0.0261119995266199,0.0283199995756149,0.0272800000384449,0.0272800000384449,0.0004461102767591,20,0.0211520008742809,0.0233600009232759,0.0218479998409748,0.0217279996722936,0.0005255094786263,20,0.0213120002299547,0.0237119998782873,0.0222815998829901,0.0223040003329515,0.0006748964361935,20,64,1,7168,5120,128815,True,False,False,32,8,7168,5120,generic,False,5120,2048,CUDA_EVENT,BF16,none,step3_text
,,,,,,,,,,,,,,,,,,,,,,,,0.02403200045228,0.026528000831604,0.0249503999017179,0.0247680004686117,0.000662106299543,20,0.1642879992723465,0.194688007235527,0.1739280007779598,0.1718560010194778,0.007172885338753,20,0.0211200006306171,0.0254399999976158,0.0225136000663042,0.0222720000892877,0.000999223959384,20,0.028736000880599,0.0301760006695985,0.0294288002885878,0.0294080004096031,0.0003566637594442,20,,,,,,,0.0260480009019374,0.0276480000466108,0.0268384001217782,0.0268479995429515,0.0004250221406032,20,0.0206080004572868,0.023199999704957,0.0215520000085234,0.0214079990983009,0.0006750785357946,20,0.0210239998996257,0.0234880000352859,0.0221599998883903,0.0223039994016289,0.0007559386160808,20,64,1,7168,5120,128815,True,False,False,16,8,7168,5120,generic,False,5120,2048,CUDA_EVENT,BF16,none,step3_text
,,,,,,,,,,,,,,,,,,,,,,,,0.022911999374628,0.02844800055027,0.0249568000435829,0.0245920000597834,0.0012533589171772,20,0.1614399999380111,0.2850239872932434,0.1813295997679233,0.1717119961977005,0.0277712922079351,20,0.0205439999699592,0.0267520006746053,0.0227360000833868,0.0225440002977848,0.0015134174394487,20,0.0280000008642673,0.0363520011305809,0.0296912000514566,0.0290240002796053,0.0021046971359193,20,,,,,,,0.026240000501275,0.0273599997162818,0.0267967998981475,0.0268479995429515,0.0003213411674097,20,0.0206080004572868,0.0228160005062818,0.0213968000374734,0.0211999993771314,0.0005313614450455,20,0.0209919996559619,0.0231040008366107,0.0220255999825894,0.022096000611782,0.0005659661339477,20,64,1,7168,5120,128815,True,False,False,8,8,7168,5120,generic,False,5120,2048,CUDA_EVENT,BF16,none,step3_text
,,,,,,,,,,,,,,,,,,,,,,,,0.0238719992339611,0.0267200004309415,0.0250623999163508,0.0249279998242855,0.0007224208086037,20,0.1663040071725845,0.2239360064268112,0.1755920007824897,0.1725119948387146,0.0121527103211461,20,0.0212159994989633,0.0243200007826089,0.0224688001908361,0.0223679998889565,0.0008142272185428,20,0.02844800055027,0.029823999851942,0.0290079998783767,0.0290399994701147,0.000339033896835,20,,,,,,,0.0258559994399547,0.0337920002639293,0.0268975998274981,0.0264320001006126,0.001630602643026,20,0.0205439999699592,0.0231679994612932,0.0214303998276591,0.0213919999077916,0.0005855298864234,20,0.0214399993419647,0.0297599993646144,0.0227247999049723,0.0224320003762841,0.0017307613515445,20,64,1,7168,5120,128815,True,False,False,4,8,7168,5120,generic,False,5120,2048,CUDA_EVENT,BF16,none,step3_text
,,,,,,,,,,,,,,,,,,,,,,,,0.0235520005226135,0.0278719998896121,0.024875200074166,0.0245760008692741,0.0010089023180038,20,0.1653759926557541,0.2180159986019134,0.175934399664402,0.1724160015583038,0.0112695689879822,20,0.0212799999862909,0.0255679991096258,0.0225440002046525,0.0223840000107884,0.0009227158580316,20,0.0282240007072687,0.032575998455286,0.0290671998634934,0.0288960002362728,0.0010038145923421,20,,,,,,,0.0258879996836185,0.0274560004472732,0.0264560001902282,0.0264320001006126,0.0003684693682632,20,0.0207359995692968,0.0225280001759529,0.0215600000694394,0.0215840004384517,0.0004745154434504,20,0.0207359995692968,0.0242560002952814,0.022296000085771,0.0223039994016289,0.000954162464736,20,64,1,7168,5120,128815,True,False,False,2,8,7168,5120,generic,False,5120,2048,CUDA_EVENT,BF16,none,step3_text
,,,,,,,,,,,,,,,,,,,,,,,,0.0231679994612932,0.0264960005879402,0.0242112000472843,0.0241280002519488,0.0009358234456731,20,0.1534080058336258,0.2030400037765503,0.1655664011836052,0.1625280007719993,0.0113720522758402,20,0.0209599994122982,0.02403200045228,0.022174399998039,0.0220480002462863,0.0008016287651057,20,0.0277440007776021,0.0309759993106126,0.0287120000459253,0.02857599966228,0.0007331332762807,20,,,,,,,0.0257280003279447,0.0273279994726181,0.0264063998125493,0.026367999613285,0.0004103742353741,20,0.0205439999699592,0.0223360005766153,0.0216095997951924,0.0218560006469488,0.0005062780887298,20,0.0214719995856285,0.0240959990769624,0.0223071998916566,0.0222559999674558,0.0006440590321448,20,64,1,7168,5120,128815,True,False,False,1,8,7168,5120,generic,False,5120,2048,CUDA_EVENT,BF16,none,step3_text
