client_request_id,server_request_id,server_ttft_ms,client_ttft_ms,server_arrival_wall_s,queue_arrival_monotonic_s,frontier_request_id,arrived_at
pf4096_dc1024:0,cmpl-pf4096_dc1024:0-0,102.46133804321289,107.000287,1788802417.0255857,3550736.361678817,0,0.0
pf4096_dc1024:1,cmpl-pf4096_dc1024:1-0,127.1970272064209,129.834991,1788802417.1448212,3550736.502172457,1,0.1404936402104795
pf4096_dc1024:2,cmpl-pf4096_dc1024:2-0,94.87152099609375,97.501993,1788802417.2486198,3550736.578633261,2,0.21695444406941533
pf4096_dc1024:3,cmpl-pf4096_dc1024:3-0,101.94087028503418,105.413663,1788802417.317683,3550736.650279779,3,0.28860096214339137
pf4096_dc1024:4,cmpl-pf4096_dc1024:4-0,99.95722770690918,102.50034,1788802417.8077128,3550737.140707344,4,0.7790285269729793
pf4096_dc1024:5,cmpl-pf4096_dc1024:5-0,102.2188663482666,107.900561,1788802418.0263438,3550737.350577443,5,0.988898626063019
pf4096_dc1024:6,cmpl-pf4096_dc1024:6-0,98.5558032989502,102.056992,1788802418.0300949,3550737.35078631,6,0.9891074933111668
pf4096_dc1024:7,cmpl-pf4096_dc1024:7-0,114.67337608337402,117.330268,1788802418.3605042,3550737.707801445,7,1.3461226280778646
pf4096_dc1024:8,cmpl-pf4096_dc1024:8-0,99.32231903076172,102.458569,1788802420.2448146,3550739.573412747,8,3.2117339302785695
pf4096_dc1024:9,cmpl-pf4096_dc1024:9-0,96.01926803588867,99.298998,1788802422.3190944,3550741.647424043,9,5.285745226312429
pf4096_dc1024:10,cmpl-pf4096_dc1024:10-0,110.20660400390625,113.146964,1788802422.583914,3550741.924769934,10,5.5630911169573665
pf4096_dc1024:11,cmpl-pf4096_dc1024:11-0,124.20439720153809,127.53405,1788802423.5985618,3550742.955847081,11,6.594168263953179
pf4096_dc1024:12,cmpl-pf4096_dc1024:12-0,109.48991775512695,112.748232,1788802424.6522946,3550743.992600471,12,7.630921653937548
pf4096_dc1024:13,cmpl-pf4096_dc1024:13-0,125.6859302520752,128.471553,1788802424.7789018,3550744.136154414,13,7.774475597310811
pf4096_dc1024:14,cmpl-pf4096_dc1024:14-0,119.80581283569336,123.186334,1788802425.4813902,3550744.829929484,14,8.468250667210668
pf4096_dc1024:15,cmpl-pf4096_dc1024:15-0,135.2822780609131,138.550494,1788802426.0937693,3550745.460241472,15,9.098562655039132
pf4096_dc1024:16,cmpl-pf4096_dc1024:16-0,151.7806053161621,155.4836,1788802426.2494118,3550745.605446052,16,9.243767234962434
pf4096_dc1024:17,cmpl-pf4096_dc1024:17-0,109.4505786895752,112.493479,1788802426.2917418,3550745.605454827,17,9.243776010349393
pf4096_dc1024:18,cmpl-pf4096_dc1024:18-0,81.42900466918945,87.665604,1788802426.9507504,3550746.26352617,18,9.901847353205085
pf4096_dc1024:19,cmpl-pf4096_dc1024:19-0,88.8214111328125,91.990734,1788802428.1125073,3550747.433343448,19,11.07166463136673
pf4096_dc1024:20,cmpl-pf4096_dc1024:20-0,127.3500919342041,130.17567,1788802428.1509926,3550747.508165687,20,11.146486870013177
pf4096_dc1024:21,cmpl-pf4096_dc1024:21-0,110.49985885620117,113.453887,1788802428.3125029,3550747.652659625,21,11.29098080797121
pf4096_dc1024:22,cmpl-pf4096_dc1024:22-0,89.24746513366699,92.436095,1788802428.4071665,3550747.728848014,22,11.367169197183102
pf4096_dc1024:23,cmpl-pf4096_dc1024:23-0,98.56128692626953,102.078085,1788802429.2980268,3550748.628532357,23,12.266853540204465
pf4096_dc1024:24,cmpl-pf4096_dc1024:24-0,89.77818489074707,92.807818,1788802429.4529943,3550748.772455425,24,12.410776608157903
pf4096_dc1024:25,cmpl-pf4096_dc1024:25-0,115.07177352905273,119.653832,1788802431.213935,3550750.562012384,25,14.200333567336202
pf4096_dc1024:26,cmpl-pf4096_dc1024:26-0,130.50580024719238,134.298385,1788802431.276351,3550750.635604869,26,14.27392605226487
pf4096_dc1024:27,cmpl-pf4096_dc1024:27-0,142.73715019226074,147.690077,1788802432.249006,3550751.622753125,27,15.261074308305979
pf4096_dc1024:28,cmpl-pf4096_dc1024:28-0,136.13176345825195,139.831226,1788802433.1635766,3550752.529571498,28,16.16789268096909
pf4096_dc1024:29,cmpl-pf4096_dc1024:29-0,113.4181022644043,117.677402,1788802433.3313026,3550752.676101856,29,16.31442303908989
pf4096_dc1024:30,cmpl-pf4096_dc1024:30-0,85.93010902404785,89.4145,1788802434.0492396,3550753.364939799,30,17.003260982222855
pf4096_dc1024:31,cmpl-pf4096_dc1024:31-0,91.23706817626953,94.709738,1788802434.1866019,3550753.509995998,31,17.1483171810396
pf4096_dc1024:32,cmpl-pf4096_dc1024:32-0,139.15610313415527,143.040791,1788802436.0091012,3550755.378193246,32,19.016514429356903
pf4096_dc1024:33,cmpl-pf4096_dc1024:33-0,129.24909591674805,132.599929,1788802436.7026882,3550756.062590343,33,19.700911526102573
pf4096_dc1024:34,cmpl-pf4096_dc1024:34-0,106.52947425842285,110.531745,1788802437.082047,3550756.418418198,34,20.05673938104883
pf4096_dc1024:35,cmpl-pf4096_dc1024:35-0,114.89987373352051,118.29544,1788802437.2897837,3550756.63544296,35,20.273764143232256
pf4096_dc1024:36,cmpl-pf4096_dc1024:36-0,144.60206031799316,149.255812,1788802438.17447,3550757.546758176,36,21.185079358983785
pf4096_dc1024:37,cmpl-pf4096_dc1024:37-0,158.2193374633789,161.899765,1788802438.3870578,3550757.764370556,37,21.402691739145666
pf4096_dc1024:38,cmpl-pf4096_dc1024:38-0,97.49984741210938,101.278026,1788802438.4465973,3550757.76458816,38,21.402909343130887
pf4096_dc1024:39,cmpl-pf4096_dc1024:39-0,85.22987365722656,88.589773,1788802438.5351565,3550757.850816631,39,21.48913781438023
pf4096_dc1024:40,cmpl-pf4096_dc1024:40-0,102.4179458618164,105.936704,1788802438.6620362,3550757.994926405,40,21.63324758829549
pf4096_dc1024:42,cmpl-pf4096_dc1024:42-0,131.9570541381836,136.855179,1788802438.8586974,3550758.210088269,41,21.848409452009946
pf4096_dc1024:41,cmpl-pf4096_dc1024:41-0,150.85983276367188,155.466688,1788802438.839456,3550758.210290853,42,21.848612036090344
pf4096_dc1024:43,cmpl-pf4096_dc1024:43-0,86.6539478302002,90.627679,1788802439.0503964,3550758.367030256,43,22.005351439118385
pf4096_dc1024:44,cmpl-pf4096_dc1024:44-0,137.18318939208984,142.603363,1788802440.4521186,3550759.819192437,44,23.45751362014562
pf4096_dc1024:45,cmpl-pf4096_dc1024:45-0,106.1544418334961,109.55119,1788802440.6277118,3550759.963877611,45,23.602198794018477
pf4096_dc1024:46,cmpl-pf4096_dc1024:46-0,138.26298713684082,142.216727,1788802440.9489686,3550760.316933354,46,23.955254537053406
pf4096_dc1024:47,cmpl-pf4096_dc1024:47-0,92.8044319152832,97.288567,1788802441.555685,3550760.877120652,47,24.515441834926605
pf4096_dc1024:48,cmpl-pf4096_dc1024:48-0,92.19074249267578,96.406186,1788802442.5976372,3550761.918519296,48,25.556840479373932
pf4096_dc1024:49,cmpl-pf4096_dc1024:49-0,86.68375015258789,91.213423,1788802443.0228422,3550762.341027279,49,25.979348462074995
pf4096_dc1024:50,cmpl-pf4096_dc1024:50-0,103.82390022277832,108.172804,1788802443.4276752,3550762.761566812,50,26.399887995328754
pf4096_dc1024:51,cmpl-pf4096_dc1024:51-0,94.34795379638672,98.370711,1788802443.789656,3550763.115259714,51,26.75358089711517
pf4096_dc1024:52,cmpl-pf4096_dc1024:52-0,80.40976524353027,84.992378,1788802444.2317612,3550763.540567241,52,27.178888424299657
pf4096_dc1024:53,cmpl-pf4096_dc1024:53-0,120.0714111328125,125.128394,1788802444.340545,3550763.689269011,53,27.327590194065124
pf4096_dc1024:54,cmpl-pf4096_dc1024:54-0,143.86844635009766,149.483946,1788802444.537381,3550763.908495046,54,27.54681622935459
pf4096_dc1024:55,cmpl-pf4096_dc1024:55-0,80.45649528503418,84.31809,1788802444.8186796,3550764.128392256,55,27.76671343902126
pf4096_dc1024:56,cmpl-pf4096_dc1024:56-0,125.56099891662598,130.174841,1788802444.9205704,3550764.274634999,56,27.912956182379276
pf4096_dc1024:57,cmpl-pf4096_dc1024:57-0,130.47146797180176,136.583422,1788802445.7628531,3550765.124385845,57,28.762707028072327
pf4096_dc1024:58,cmpl-pf4096_dc1024:58-0,93.11318397521973,97.111783,1788802445.8771334,3550765.199686826,58,28.838008009362966
pf4096_dc1024:59,cmpl-pf4096_dc1024:59-0,139.62674140930176,145.446812,1788802446.3881817,3550765.759038498,59,29.39735968131572
pf4096_dc1024:60,cmpl-pf4096_dc1024:60-0,88.22894096374512,92.763606,1788802446.8606374,3550766.177765419,60,29.8160866019316
pf4096_dc1024:61,cmpl-pf4096_dc1024:61-0,91.08757972717285,94.570258,1788802447.139834,3550766.461498369,61,30.09981955215335
pf4096_dc1024:62,cmpl-pf4096_dc1024:62-0,93.65105628967285,99.541079,1788802447.2852056,3550766.608330911,62,30.246652094181627
pf4096_dc1024:63,cmpl-pf4096_dc1024:63-0,104.86316680908203,110.549396,1788802447.3486319,3550766.685243801,63,30.323564984370023
pf4096_dc1024:64,cmpl-pf4096_dc1024:64-0,121.2775707244873,125.13625,1788802447.9027636,3550767.251604056,64,30.88992523914203
pf4096_dc1024:65,cmpl-pf4096_dc1024:65-0,131.17361068725586,135.048055,1788802448.3206413,3550767.679142102,65,31.317463285289705
pf4096_dc1024:66,cmpl-pf4096_dc1024:66-0,92.33474731445312,99.308548,1788802448.9235687,3550768.244695507,66,31.883016690146178
pf4096_dc1024:67,cmpl-pf4096_dc1024:67-0,103.24931144714355,107.587754,1788802448.9911232,3550768.32180005,67,31.960121233016253
pf4096_dc1024:68,cmpl-pf4096_dc1024:68-0,127.09736824035645,132.552062,1788802449.8830323,3550769.238741331,68,32.87706251395866
pf4096_dc1024:69,cmpl-pf4096_dc1024:69-0,80.60932159423828,85.983854,1788802451.283592,3550770.594037696,69,34.23235887894407
pf4096_dc1024:70,cmpl-pf4096_dc1024:70-0,141.39890670776367,150.865565,1788802451.5778284,3550770.94939428,70,34.58771546324715
pf4096_dc1024:71,cmpl-pf4096_dc1024:71-0,198.99797439575195,204.981961,1788802451.6472802,3550771.025354687,71,34.66367587028071
pf4096_dc1024:73,cmpl-pf4096_dc1024:73-0,169.96407508850098,173.78571,1788802451.676314,3550771.025362871,72,34.66368405427784
pf4096_dc1024:72,cmpl-pf4096_dc1024:72-0,180.05704879760742,184.017608,1788802451.664373,3550771.025523694,73,34.66384487738833
pf4096_dc1024:74,cmpl-pf4096_dc1024:74-0,105.95583915710449,112.644884,1788802451.9564514,3550771.290135054,74,34.92845623707399
pf4096_dc1024:75,cmpl-pf4096_dc1024:75-0,83.56165885925293,88.834894,1788802452.3366456,3550771.650523383,75,35.28884456632659
pf4096_dc1024:76,cmpl-pf4096_dc1024:76-0,110.21709442138672,114.201455,1788802452.3884957,3550771.726671526,76,35.36499270936474
pf4096_dc1024:77,cmpl-pf4096_dc1024:77-0,137.19749450683594,143.959565,1788802454.7428794,3550774.110164645,77,37.748485828284174
pf4096_dc1024:78,cmpl-pf4096_dc1024:78-0,81.87294006347656,86.72349,1788802455.439464,3550774.748131123,78,38.38645230606198
pf4096_dc1024:79,cmpl-pf4096_dc1024:79-0,143.42093467712402,147.492514,1788802455.880562,3550775.252338036,79,38.8906592191197
pf4096_dc1024:80,cmpl-pf4096_dc1024:80-0,115.7832145690918,122.201638,1788802456.9061472,3550776.250065368,80,39.88838655129075
pf4096_dc1024:81,cmpl-pf4096_dc1024:81-0,130.31482696533203,138.473681,1788802457.67339,3550777.034493936,81,40.672815119381994
pf4096_dc1024:82,cmpl-pf4096_dc1024:82-0,90.54684638977051,96.175786,1788802457.7903004,3550777.110093587,82,40.748414770234376
pf4096_dc1024:83,cmpl-pf4096_dc1024:83-0,160.59279441833496,168.35705,1788802457.8482537,3550777.186876681,83,40.825197864323854
pf4096_dc1024:84,cmpl-pf4096_dc1024:84-0,160.63547134399414,169.041903,1788802457.8487294,3550777.18703156,84,40.82535274326801
pf4096_dc1024:85,cmpl-pf4096_dc1024:85-0,131.52337074279785,136.275277,1788802457.8778415,3550777.187040078,85,40.82536126114428
pf4096_dc1024:86,cmpl-pf4096_dc1024:86-0,123.89683723449707,128.184026,1788802458.1718922,3550777.525730832,86,41.164052015170455
pf4096_dc1024:87,cmpl-pf4096_dc1024:87-0,106.7514419555664,111.219701,1788802458.4063494,3550777.741436155,87,41.37975733820349
pf4096_dc1024:88,cmpl-pf4096_dc1024:88-0,121.51575088500977,126.576229,1788802458.6782894,3550778.027703488,88,41.66602467093617
pf4096_dc1024:89,cmpl-pf4096_dc1024:89-0,117.34175682067871,122.466575,1788802458.9723413,3550778.31778419,89,41.95610537333414
pf4096_dc1024:90,cmpl-pf4096_dc1024:90-0,94.88368034362793,99.93936,1788802459.210714,3550778.533864011,90,42.17218519421294
pf4096_dc1024:91,cmpl-pf4096_dc1024:91-0,137.52365112304688,141.445433,1788802459.3126452,3550778.679571137,91,42.31789231998846
pf4096_dc1024:93,cmpl-pf4096_dc1024:93-0,122.38454818725586,129.237262,1788802459.5543213,3550778.894256037,92,42.532577220350504
pf4096_dc1024:92,cmpl-pf4096_dc1024:92-0,145.02549171447754,151.24752,1788802459.5311782,3550778.894477957,93,42.532799140084535
pf4096_dc1024:94,cmpl-pf4096_dc1024:94-0,126.9688606262207,131.45027,1788802459.9764168,3550779.331845118,94,42.970166301354766
pf4096_dc1024:95,cmpl-pf4096_dc1024:95-0,133.8205337524414,138.363344,1788802460.1869192,3550779.549769449,95,43.188090632203966
pf4096_dc1024:96,cmpl-pf4096_dc1024:96-0,139.7857666015625,144.444463,1788802460.2601476,3550779.626750954,96,43.265072137117386
pf4096_dc1024:97,cmpl-pf4096_dc1024:97-0,135.10560989379883,140.402015,1788802461.7518597,3550781.112832042,97,44.75115322507918
pf4096_dc1024:98,cmpl-pf4096_dc1024:98-0,95.46184539794922,100.813796,1788802463.0037827,3550782.326172397,98,45.964493580162525
pf4096_dc1024:99,cmpl-pf4096_dc1024:99-0,86.06195449829102,93.356871,1788802464.1440825,3550783.460426744,99,47.09874792722985
