time_stats.moe_gating_linear.min,time_stats.moe_gating_linear.max,time_stats.moe_gating_linear.mean,time_stats.moe_gating_linear.median,time_stats.moe_gating_linear.std,time_stats.moe_gating_linear.count,time_stats.moe_gating_routing_topk.min,time_stats.moe_gating_routing_topk.max,time_stats.moe_gating_routing_topk.mean,time_stats.moe_gating_routing_topk.median,time_stats.moe_gating_routing_topk.std,time_stats.moe_gating_routing_topk.count,time_stats.moe_shuffling.min,time_stats.moe_shuffling.max,time_stats.moe_shuffling.mean,time_stats.moe_shuffling.median,time_stats.moe_shuffling.std,time_stats.moe_shuffling.count,time_stats.moe_grouped_gemm.min,time_stats.moe_grouped_gemm.max,time_stats.moe_grouped_gemm.mean,time_stats.moe_grouped_gemm.median,time_stats.moe_grouped_gemm.std,num_tokens,num_experts,num_experts_per_device,expert_parallel_size,routing_runtime_path,routing_assignment_policy,routing_weight_policy,routing_uses_router_logits,gating_runtime_context,gating_runtime_context_impl,router_topk,hidden_dim,expert_hidden_dim,use_gated,num_tensor_parallel_workers,typed_operator_contracts,total_routed_tokens,model_expansion_ratio,tokens_per_expert_avg,tokens_to_experts_ratio,expert_utilization,min_load_ratio,load_imbalance_cv,max_load_ratio,load_entropy,load_gini_coefficient,load_distribution,seed,moe_grouped_gemm_backend,measurement_type,profiling_ep_rank,calibration_split
0.013472000136971474,0.01462399959564209,0.013769599981606007,0.013743999879807234,0.0002588045553702752,20,0.10127999633550644,0.10246399790048599,0.10173919908702374,0.10161599889397621,0.000359666992297382,20,0.04444799944758415,0.06521599739789963,0.04784959964454174,0.04607999883592129,0.004929434065304988,20,0.442111998796463,0.461216002702713,0.4465791583061218,0.44543999433517456,0.0043979790061712265,4095,128,16,8,uniform_topk,round_robin_uniform,uniform_1_over_topk,False,prefill_hot,ffn_like_prefix_20x,8,2048,768,True,1,"{""moe_gating_linear"":{""dimension_source"":""routed_mlp_hidden_dim"",""effective_ffn_width"":768,""expert_parallel_mode"":""on"",""layer_kind"":""routed"",""operator_family_id"":""moe"",""operator_family_ids"":[""moe""],""profile_id"":""generic"",""selected_expert_parallel_size"":null,""selected_padded_ffn_width"":768,""selected_tensor_parallel_size"":1,""tensor_parallel_mode"":""moe_tp"",""tensor_parallel_sizes"":[1]},""moe_gating_routing_topk"":{""dimension_source"":""routed_mlp_hidden_dim"",""effective_ffn_width"":768,""expert_parallel_mode"":""on"",""layer_kind"":""routed"",""operator_family_id"":""moe"",""operator_family_ids"":[""moe""],""profile_id"":""generic"",""selected_expert_parallel_size"":null,""selected_padded_ffn_width"":768,""selected_tensor_parallel_size"":1,""tensor_parallel_mode"":""moe_tp"",""tensor_parallel_sizes"":[1]},""moe_grouped_gemm"":{""dimension_source"":""routed_mlp_hidden_dim"",""effective_ffn_width"":768,""expert_parallel_mode"":""on"",""layer_kind"":""routed"",""operator_family_id"":""moe"",""operator_family_ids"":[""moe""],""profile_id"":""generic"",""selected_expert_parallel_size"":8,""selected_padded_ffn_width"":768,""selected_tensor_parallel_size"":1,""tensor_parallel_mode"":""moe_tp"",""tensor_parallel_sizes"":[1]},""moe_shuffling"":{""dimension_source"":""routed_mlp_hidden_dim"",""effective_ffn_width"":768,""expert_parallel_mode"":""on"",""layer_kind"":""routed"",""operator_family_id"":""moe"",""operator_family_ids"":[""moe""],""profile_id"":""generic"",""selected_expert_parallel_size"":null,""selected_padded_ffn_width"":768,""selected_tensor_parallel_size"":1,""tensor_parallel_mode"":""moe_tp"",""tensor_parallel_sizes"":[1]}}",4096,0.375,256.0,256.0,1.0,1.0,0.0,1.0,4.000000000017834,0.0,uniform,0,vllm_fused,cuda_event,0,holdout
0.013791999779641628,0.014911999925971031,0.01427360000088811,0.014240000396966934,0.000275920019367617,20,0.10409600287675858,0.10566399991512299,0.10471519976854324,0.1045599989593029,0.00048617710609296755,20,0.04303999990224838,0.053279999643564224,0.0458016000688076,0.044735999777913094,0.0024696888371486163,20,0.4427199959754944,0.45235198736190796,0.44612962007522583,0.4453760087490082,0.0025518096517771482,4095,128,16,8,uniform_topk,round_robin_uniform,uniform_1_over_topk,False,prefill_hot,ffn_like_prefix_20x,8,2048,768,True,1,"{""moe_gating_linear"":{""dimension_source"":""routed_mlp_hidden_dim"",""effective_ffn_width"":768,""expert_parallel_mode"":""on"",""layer_kind"":""routed"",""operator_family_id"":""moe"",""operator_family_ids"":[""moe""],""profile_id"":""generic"",""selected_expert_parallel_size"":null,""selected_padded_ffn_width"":768,""selected_tensor_parallel_size"":1,""tensor_parallel_mode"":""moe_tp"",""tensor_parallel_sizes"":[1]},""moe_gating_routing_topk"":{""dimension_source"":""routed_mlp_hidden_dim"",""effective_ffn_width"":768,""expert_parallel_mode"":""on"",""layer_kind"":""routed"",""operator_family_id"":""moe"",""operator_family_ids"":[""moe""],""profile_id"":""generic"",""selected_expert_parallel_size"":null,""selected_padded_ffn_width"":768,""selected_tensor_parallel_size"":1,""tensor_parallel_mode"":""moe_tp"",""tensor_parallel_sizes"":[1]},""moe_grouped_gemm"":{""dimension_source"":""routed_mlp_hidden_dim"",""effective_ffn_width"":768,""expert_parallel_mode"":""on"",""layer_kind"":""routed"",""operator_family_id"":""moe"",""operator_family_ids"":[""moe""],""profile_id"":""generic"",""selected_expert_parallel_size"":8,""selected_padded_ffn_width"":768,""selected_tensor_parallel_size"":1,""tensor_parallel_mode"":""moe_tp"",""tensor_parallel_sizes"":[1]},""moe_shuffling"":{""dimension_source"":""routed_mlp_hidden_dim"",""effective_ffn_width"":768,""expert_parallel_mode"":""on"",""layer_kind"":""routed"",""operator_family_id"":""moe"",""operator_family_ids"":[""moe""],""profile_id"":""generic"",""selected_expert_parallel_size"":null,""selected_padded_ffn_width"":768,""selected_tensor_parallel_size"":1,""tensor_parallel_mode"":""moe_tp"",""tensor_parallel_sizes"":[1]}}",4096,0.375,256.0,256.0,1.0,1.0,0.0,1.0,4.000000000017834,0.0,uniform,1,vllm_fused,cuda_event,0,holdout
0.013919999822974205,0.014783999882638454,0.01431840001605451,0.014336000196635723,0.00020897615384144808,20,0.10384000092744827,0.10604800283908844,0.10461279973387719,0.10443199798464775,0.0005622605543504078,20,0.04249599948525429,0.05593600124120712,0.04531200006604195,0.04375999979674816,0.003363411673580643,20,0.4410560131072998,0.44969600439071655,0.4453728199005127,0.445279985666275,0.0022571112494915724,4095,128,16,8,uniform_topk,round_robin_uniform,uniform_1_over_topk,False,prefill_hot,ffn_like_prefix_20x,8,2048,768,True,1,"{""moe_gating_linear"":{""dimension_source"":""routed_mlp_hidden_dim"",""effective_ffn_width"":768,""expert_parallel_mode"":""on"",""layer_kind"":""routed"",""operator_family_id"":""moe"",""operator_family_ids"":[""moe""],""profile_id"":""generic"",""selected_expert_parallel_size"":null,""selected_padded_ffn_width"":768,""selected_tensor_parallel_size"":1,""tensor_parallel_mode"":""moe_tp"",""tensor_parallel_sizes"":[1]},""moe_gating_routing_topk"":{""dimension_source"":""routed_mlp_hidden_dim"",""effective_ffn_width"":768,""expert_parallel_mode"":""on"",""layer_kind"":""routed"",""operator_family_id"":""moe"",""operator_family_ids"":[""moe""],""profile_id"":""generic"",""selected_expert_parallel_size"":null,""selected_padded_ffn_width"":768,""selected_tensor_parallel_size"":1,""tensor_parallel_mode"":""moe_tp"",""tensor_parallel_sizes"":[1]},""moe_grouped_gemm"":{""dimension_source"":""routed_mlp_hidden_dim"",""effective_ffn_width"":768,""expert_parallel_mode"":""on"",""layer_kind"":""routed"",""operator_family_id"":""moe"",""operator_family_ids"":[""moe""],""profile_id"":""generic"",""selected_expert_parallel_size"":8,""selected_padded_ffn_width"":768,""selected_tensor_parallel_size"":1,""tensor_parallel_mode"":""moe_tp"",""tensor_parallel_sizes"":[1]},""moe_shuffling"":{""dimension_source"":""routed_mlp_hidden_dim"",""effective_ffn_width"":768,""expert_parallel_mode"":""on"",""layer_kind"":""routed"",""operator_family_id"":""moe"",""operator_family_ids"":[""moe""],""profile_id"":""generic"",""selected_expert_parallel_size"":null,""selected_padded_ffn_width"":768,""selected_tensor_parallel_size"":1,""tensor_parallel_mode"":""moe_tp"",""tensor_parallel_sizes"":[1]}}",4096,0.375,256.0,256.0,1.0,1.0,0.0,1.0,4.000000000017834,0.0,uniform,2,vllm_fused,cuda_event,0,holdout
0.013887999579310417,0.015456000342965126,0.014244799967855215,0.014192000031471252,0.0003243346881074503,20,0.10412800312042236,0.10543999820947647,0.10486399941146374,0.1050880029797554,0.000459619648168015,20,0.04294399917125702,0.05180799961090088,0.04538079984486103,0.045183999463915825,0.0020176823371155393,20,0.4546560049057007,0.46486398577690125,0.45825761556625366,0.4574719965457916,0.002703599166125059,4095,128,16,8,uniform_topk,round_robin_uniform,uniform_1_over_topk,False,prefill_hot,ffn_like_prefix_20x,8,2048,768,True,1,"{""moe_gating_linear"":{""dimension_source"":""routed_mlp_hidden_dim"",""effective_ffn_width"":768,""expert_parallel_mode"":""on"",""layer_kind"":""routed"",""operator_family_id"":""moe"",""operator_family_ids"":[""moe""],""profile_id"":""generic"",""selected_expert_parallel_size"":null,""selected_padded_ffn_width"":768,""selected_tensor_parallel_size"":1,""tensor_parallel_mode"":""moe_tp"",""tensor_parallel_sizes"":[1]},""moe_gating_routing_topk"":{""dimension_source"":""routed_mlp_hidden_dim"",""effective_ffn_width"":768,""expert_parallel_mode"":""on"",""layer_kind"":""routed"",""operator_family_id"":""moe"",""operator_family_ids"":[""moe""],""profile_id"":""generic"",""selected_expert_parallel_size"":null,""selected_padded_ffn_width"":768,""selected_tensor_parallel_size"":1,""tensor_parallel_mode"":""moe_tp"",""tensor_parallel_sizes"":[1]},""moe_grouped_gemm"":{""dimension_source"":""routed_mlp_hidden_dim"",""effective_ffn_width"":768,""expert_parallel_mode"":""on"",""layer_kind"":""routed"",""operator_family_id"":""moe"",""operator_family_ids"":[""moe""],""profile_id"":""generic"",""selected_expert_parallel_size"":8,""selected_padded_ffn_width"":768,""selected_tensor_parallel_size"":1,""tensor_parallel_mode"":""moe_tp"",""tensor_parallel_sizes"":[1]},""moe_shuffling"":{""dimension_source"":""routed_mlp_hidden_dim"",""effective_ffn_width"":768,""expert_parallel_mode"":""on"",""layer_kind"":""routed"",""operator_family_id"":""moe"",""operator_family_ids"":[""moe""],""profile_id"":""generic"",""selected_expert_parallel_size"":null,""selected_padded_ffn_width"":768,""selected_tensor_parallel_size"":1,""tensor_parallel_mode"":""moe_tp"",""tensor_parallel_sizes"":[1]}}",4096,0.375,256.0,256.0,1.0,1.0,0.0,1.0,4.000000000017834,0.0,uniform,0,vllm_fused,cuda_event,1,holdout
0.013728000223636627,0.014751999638974667,0.014240000024437904,0.01422400027513504,0.00022331314504324997,20,0.10134399682283401,0.10268799960613251,0.10184479989111424,0.10179200023412704,0.0003362714851132254,20,0.043136000633239746,0.05305600166320801,0.04543359987437725,0.0453919991850853,0.0021163740795227754,20,0.45449599623680115,0.46649599075317383,0.45849600434303284,0.4575999975204468,0.002926926827058196,4095,128,16,8,uniform_topk,round_robin_uniform,uniform_1_over_topk,False,prefill_hot,ffn_like_prefix_20x,8,2048,768,True,1,"{""moe_gating_linear"":{""dimension_source"":""routed_mlp_hidden_dim"",""effective_ffn_width"":768,""expert_parallel_mode"":""on"",""layer_kind"":""routed"",""operator_family_id"":""moe"",""operator_family_ids"":[""moe""],""profile_id"":""generic"",""selected_expert_parallel_size"":null,""selected_padded_ffn_width"":768,""selected_tensor_parallel_size"":1,""tensor_parallel_mode"":""moe_tp"",""tensor_parallel_sizes"":[1]},""moe_gating_routing_topk"":{""dimension_source"":""routed_mlp_hidden_dim"",""effective_ffn_width"":768,""expert_parallel_mode"":""on"",""layer_kind"":""routed"",""operator_family_id"":""moe"",""operator_family_ids"":[""moe""],""profile_id"":""generic"",""selected_expert_parallel_size"":null,""selected_padded_ffn_width"":768,""selected_tensor_parallel_size"":1,""tensor_parallel_mode"":""moe_tp"",""tensor_parallel_sizes"":[1]},""moe_grouped_gemm"":{""dimension_source"":""routed_mlp_hidden_dim"",""effective_ffn_width"":768,""expert_parallel_mode"":""on"",""layer_kind"":""routed"",""operator_family_id"":""moe"",""operator_family_ids"":[""moe""],""profile_id"":""generic"",""selected_expert_parallel_size"":8,""selected_padded_ffn_width"":768,""selected_tensor_parallel_size"":1,""tensor_parallel_mode"":""moe_tp"",""tensor_parallel_sizes"":[1]},""moe_shuffling"":{""dimension_source"":""routed_mlp_hidden_dim"",""effective_ffn_width"":768,""expert_parallel_mode"":""on"",""layer_kind"":""routed"",""operator_family_id"":""moe"",""operator_family_ids"":[""moe""],""profile_id"":""generic"",""selected_expert_parallel_size"":null,""selected_padded_ffn_width"":768,""selected_tensor_parallel_size"":1,""tensor_parallel_mode"":""moe_tp"",""tensor_parallel_sizes"":[1]}}",4096,0.375,256.0,256.0,1.0,1.0,0.0,1.0,4.000000000017834,0.0,uniform,1,vllm_fused,cuda_event,1,holdout
0.013535999692976475,0.014816000126302242,0.013900799909606576,0.013775999657809734,0.0003184603390367045,20,0.10131199657917023,0.10390400141477585,0.10223359875380993,0.10230399668216705,0.0006344240544806878,20,0.043616000562906265,0.05283199995756149,0.04571680016815662,0.045344000682234764,0.002136207405874831,20,0.45507198572158813,0.46560001373291016,0.45693284273147583,0.4561919867992401,0.002318933606147766,4095,128,16,8,uniform_topk,round_robin_uniform,uniform_1_over_topk,False,prefill_hot,ffn_like_prefix_20x,8,2048,768,True,1,"{""moe_gating_linear"":{""dimension_source"":""routed_mlp_hidden_dim"",""effective_ffn_width"":768,""expert_parallel_mode"":""on"",""layer_kind"":""routed"",""operator_family_id"":""moe"",""operator_family_ids"":[""moe""],""profile_id"":""generic"",""selected_expert_parallel_size"":null,""selected_padded_ffn_width"":768,""selected_tensor_parallel_size"":1,""tensor_parallel_mode"":""moe_tp"",""tensor_parallel_sizes"":[1]},""moe_gating_routing_topk"":{""dimension_source"":""routed_mlp_hidden_dim"",""effective_ffn_width"":768,""expert_parallel_mode"":""on"",""layer_kind"":""routed"",""operator_family_id"":""moe"",""operator_family_ids"":[""moe""],""profile_id"":""generic"",""selected_expert_parallel_size"":null,""selected_padded_ffn_width"":768,""selected_tensor_parallel_size"":1,""tensor_parallel_mode"":""moe_tp"",""tensor_parallel_sizes"":[1]},""moe_grouped_gemm"":{""dimension_source"":""routed_mlp_hidden_dim"",""effective_ffn_width"":768,""expert_parallel_mode"":""on"",""layer_kind"":""routed"",""operator_family_id"":""moe"",""operator_family_ids"":[""moe""],""profile_id"":""generic"",""selected_expert_parallel_size"":8,""selected_padded_ffn_width"":768,""selected_tensor_parallel_size"":1,""tensor_parallel_mode"":""moe_tp"",""tensor_parallel_sizes"":[1]},""moe_shuffling"":{""dimension_source"":""routed_mlp_hidden_dim"",""effective_ffn_width"":768,""expert_parallel_mode"":""on"",""layer_kind"":""routed"",""operator_family_id"":""moe"",""operator_family_ids"":[""moe""],""profile_id"":""generic"",""selected_expert_parallel_size"":null,""selected_padded_ffn_width"":768,""selected_tensor_parallel_size"":1,""tensor_parallel_mode"":""moe_tp"",""tensor_parallel_sizes"":[1]}}",4096,0.375,256.0,256.0,1.0,1.0,0.0,1.0,4.000000000017834,0.0,uniform,2,vllm_fused,cuda_event,1,holdout
0.013344000093638897,0.015200000256299973,0.013873599935323,0.013807999901473522,0.00041630461529844223,20,0.10131199657917023,0.10307200253009796,0.10220799930393695,0.10227199643850327,0.00043265162437189467,20,0.04249599948525429,0.05548800155520439,0.04565599989145994,0.04459199868142605,0.003335236643848958,20,0.466592013835907,0.47708800435066223,0.47310566902160645,0.4729599952697754,0.002729886444285512,4095,128,16,8,uniform_topk,round_robin_uniform,uniform_1_over_topk,False,prefill_hot,ffn_like_prefix_20x,8,2048,768,True,1,"{""moe_gating_linear"":{""dimension_source"":""routed_mlp_hidden_dim"",""effective_ffn_width"":768,""expert_parallel_mode"":""on"",""layer_kind"":""routed"",""operator_family_id"":""moe"",""operator_family_ids"":[""moe""],""profile_id"":""generic"",""selected_expert_parallel_size"":null,""selected_padded_ffn_width"":768,""selected_tensor_parallel_size"":1,""tensor_parallel_mode"":""moe_tp"",""tensor_parallel_sizes"":[1]},""moe_gating_routing_topk"":{""dimension_source"":""routed_mlp_hidden_dim"",""effective_ffn_width"":768,""expert_parallel_mode"":""on"",""layer_kind"":""routed"",""operator_family_id"":""moe"",""operator_family_ids"":[""moe""],""profile_id"":""generic"",""selected_expert_parallel_size"":null,""selected_padded_ffn_width"":768,""selected_tensor_parallel_size"":1,""tensor_parallel_mode"":""moe_tp"",""tensor_parallel_sizes"":[1]},""moe_grouped_gemm"":{""dimension_source"":""routed_mlp_hidden_dim"",""effective_ffn_width"":768,""expert_parallel_mode"":""on"",""layer_kind"":""routed"",""operator_family_id"":""moe"",""operator_family_ids"":[""moe""],""profile_id"":""generic"",""selected_expert_parallel_size"":8,""selected_padded_ffn_width"":768,""selected_tensor_parallel_size"":1,""tensor_parallel_mode"":""moe_tp"",""tensor_parallel_sizes"":[1]},""moe_shuffling"":{""dimension_source"":""routed_mlp_hidden_dim"",""effective_ffn_width"":768,""expert_parallel_mode"":""on"",""layer_kind"":""routed"",""operator_family_id"":""moe"",""operator_family_ids"":[""moe""],""profile_id"":""generic"",""selected_expert_parallel_size"":null,""selected_padded_ffn_width"":768,""selected_tensor_parallel_size"":1,""tensor_parallel_mode"":""moe_tp"",""tensor_parallel_sizes"":[1]}}",4088,0.375,255.5,255.5,1.0,0.9980430528375733,0.0019569471624266144,1.0019569471624266,3.999997237513168,0.0009784735812132794,uniform,0,vllm_fused,cuda_event,7,holdout
0.013856000266969204,0.015424000099301338,0.014409599965438247,0.014336000196635723,0.0003266665413715092,20,0.1042879968881607,0.10579200088977814,0.10494400002062321,0.10484800115227699,0.0004862009517319169,20,0.04259200021624565,0.05244800075888634,0.04455040022730827,0.04379200004041195,0.0023138811700999804,20,0.46908798813819885,0.4781759977340698,0.47390085458755493,0.47407999634742737,0.0022670822218060493,4095,128,16,8,uniform_topk,round_robin_uniform,uniform_1_over_topk,False,prefill_hot,ffn_like_prefix_20x,8,2048,768,True,1,"{""moe_gating_linear"":{""dimension_source"":""routed_mlp_hidden_dim"",""effective_ffn_width"":768,""expert_parallel_mode"":""on"",""layer_kind"":""routed"",""operator_family_id"":""moe"",""operator_family_ids"":[""moe""],""profile_id"":""generic"",""selected_expert_parallel_size"":null,""selected_padded_ffn_width"":768,""selected_tensor_parallel_size"":1,""tensor_parallel_mode"":""moe_tp"",""tensor_parallel_sizes"":[1]},""moe_gating_routing_topk"":{""dimension_source"":""routed_mlp_hidden_dim"",""effective_ffn_width"":768,""expert_parallel_mode"":""on"",""layer_kind"":""routed"",""operator_family_id"":""moe"",""operator_family_ids"":[""moe""],""profile_id"":""generic"",""selected_expert_parallel_size"":null,""selected_padded_ffn_width"":768,""selected_tensor_parallel_size"":1,""tensor_parallel_mode"":""moe_tp"",""tensor_parallel_sizes"":[1]},""moe_grouped_gemm"":{""dimension_source"":""routed_mlp_hidden_dim"",""effective_ffn_width"":768,""expert_parallel_mode"":""on"",""layer_kind"":""routed"",""operator_family_id"":""moe"",""operator_family_ids"":[""moe""],""profile_id"":""generic"",""selected_expert_parallel_size"":8,""selected_padded_ffn_width"":768,""selected_tensor_parallel_size"":1,""tensor_parallel_mode"":""moe_tp"",""tensor_parallel_sizes"":[1]},""moe_shuffling"":{""dimension_source"":""routed_mlp_hidden_dim"",""effective_ffn_width"":768,""expert_parallel_mode"":""on"",""layer_kind"":""routed"",""operator_family_id"":""moe"",""operator_family_ids"":[""moe""],""profile_id"":""generic"",""selected_expert_parallel_size"":null,""selected_padded_ffn_width"":768,""selected_tensor_parallel_size"":1,""tensor_parallel_mode"":""moe_tp"",""tensor_parallel_sizes"":[1]}}",4088,0.375,255.5,255.5,1.0,0.9980430528375733,0.0019569471624266144,1.0019569471624266,3.999997237513168,0.0009784735812132794,uniform,1,vllm_fused,cuda_event,7,holdout
0.013952000066637993,0.015135999768972397,0.014280000003054738,0.014192000031471252,0.00024908150547940677,20,0.10342399775981903,0.10569600015878677,0.10464320071041584,0.1048160009086132,0.0006295875563532628,20,0.042688000947237015,0.0525440014898777,0.04491680022329092,0.044655999168753624,0.002225881981754353,20,0.46985599398612976,0.48019200563430786,0.4749215543270111,0.4737600088119507,0.0029228932689875364,4095,128,16,8,uniform_topk,round_robin_uniform,uniform_1_over_topk,False,prefill_hot,ffn_like_prefix_20x,8,2048,768,True,1,"{""moe_gating_linear"":{""dimension_source"":""routed_mlp_hidden_dim"",""effective_ffn_width"":768,""expert_parallel_mode"":""on"",""layer_kind"":""routed"",""operator_family_id"":""moe"",""operator_family_ids"":[""moe""],""profile_id"":""generic"",""selected_expert_parallel_size"":null,""selected_padded_ffn_width"":768,""selected_tensor_parallel_size"":1,""tensor_parallel_mode"":""moe_tp"",""tensor_parallel_sizes"":[1]},""moe_gating_routing_topk"":{""dimension_source"":""routed_mlp_hidden_dim"",""effective_ffn_width"":768,""expert_parallel_mode"":""on"",""layer_kind"":""routed"",""operator_family_id"":""moe"",""operator_family_ids"":[""moe""],""profile_id"":""generic"",""selected_expert_parallel_size"":null,""selected_padded_ffn_width"":768,""selected_tensor_parallel_size"":1,""tensor_parallel_mode"":""moe_tp"",""tensor_parallel_sizes"":[1]},""moe_grouped_gemm"":{""dimension_source"":""routed_mlp_hidden_dim"",""effective_ffn_width"":768,""expert_parallel_mode"":""on"",""layer_kind"":""routed"",""operator_family_id"":""moe"",""operator_family_ids"":[""moe""],""profile_id"":""generic"",""selected_expert_parallel_size"":8,""selected_padded_ffn_width"":768,""selected_tensor_parallel_size"":1,""tensor_parallel_mode"":""moe_tp"",""tensor_parallel_sizes"":[1]},""moe_shuffling"":{""dimension_source"":""routed_mlp_hidden_dim"",""effective_ffn_width"":768,""expert_parallel_mode"":""on"",""layer_kind"":""routed"",""operator_family_id"":""moe"",""operator_family_ids"":[""moe""],""profile_id"":""generic"",""selected_expert_parallel_size"":null,""selected_padded_ffn_width"":768,""selected_tensor_parallel_size"":1,""tensor_parallel_mode"":""moe_tp"",""tensor_parallel_sizes"":[1]}}",4088,0.375,255.5,255.5,1.0,0.9980430528375733,0.0019569471624266144,1.0019569471624266,3.999997237513168,0.0009784735812132794,uniform,2,vllm_fused,cuda_event,7,holdout
0.013728000223636627,0.014783999882638454,0.01409760001115501,0.014063999988138676,0.0002452701620285162,20,0.09536000341176987,0.09734400361776352,0.09617760069668294,0.09619200229644775,0.0004638865397857605,20,0.04297599941492081,0.05347200110554695,0.04560480024665594,0.045104000717401505,0.002190476130164815,20,0.44595199823379517,0.46163201332092285,0.45037442445755005,0.4493759870529175,0.003875940339639783,4096,128,16,8,uniform_topk,round_robin_uniform,uniform_1_over_topk,False,prefill_hot,ffn_like_prefix_20x,8,2048,768,True,1,"{""moe_gating_linear"":{""dimension_source"":""routed_mlp_hidden_dim"",""effective_ffn_width"":768,""expert_parallel_mode"":""on"",""layer_kind"":""routed"",""operator_family_id"":""moe"",""operator_family_ids"":[""moe""],""profile_id"":""generic"",""selected_expert_parallel_size"":null,""selected_padded_ffn_width"":768,""selected_tensor_parallel_size"":1,""tensor_parallel_mode"":""moe_tp"",""tensor_parallel_sizes"":[1]},""moe_gating_routing_topk"":{""dimension_source"":""routed_mlp_hidden_dim"",""effective_ffn_width"":768,""expert_parallel_mode"":""on"",""layer_kind"":""routed"",""operator_family_id"":""moe"",""operator_family_ids"":[""moe""],""profile_id"":""generic"",""selected_expert_parallel_size"":null,""selected_padded_ffn_width"":768,""selected_tensor_parallel_size"":1,""tensor_parallel_mode"":""moe_tp"",""tensor_parallel_sizes"":[1]},""moe_grouped_gemm"":{""dimension_source"":""routed_mlp_hidden_dim"",""effective_ffn_width"":768,""expert_parallel_mode"":""on"",""layer_kind"":""routed"",""operator_family_id"":""moe"",""operator_family_ids"":[""moe""],""profile_id"":""generic"",""selected_expert_parallel_size"":8,""selected_padded_ffn_width"":768,""selected_tensor_parallel_size"":1,""tensor_parallel_mode"":""moe_tp"",""tensor_parallel_sizes"":[1]},""moe_shuffling"":{""dimension_source"":""routed_mlp_hidden_dim"",""effective_ffn_width"":768,""expert_parallel_mode"":""on"",""layer_kind"":""routed"",""operator_family_id"":""moe"",""operator_family_ids"":[""moe""],""profile_id"":""generic"",""selected_expert_parallel_size"":null,""selected_padded_ffn_width"":768,""selected_tensor_parallel_size"":1,""tensor_parallel_mode"":""moe_tp"",""tensor_parallel_sizes"":[1]}}",4096,0.375,256.0,256.0,1.0,1.0,0.0,1.0,4.000000000017834,0.0,uniform,0,vllm_fused,cuda_event,0,anchor
0.01375999953597784,0.014688000082969666,0.014056000020354986,0.014016000088304281,0.00023446969957056007,20,0.09321600198745728,0.09497600048780441,0.09374720007181167,0.09364799782633781,0.0004593306379512696,20,0.04275200143456459,0.05110400170087814,0.04513439983129501,0.04456000030040741,0.0019770324769632468,20,0.44416001439094543,0.4583359956741333,0.4481391906738281,0.4477759897708893,0.003399067325517535,4096,128,16,8,uniform_topk,round_robin_uniform,uniform_1_over_topk,False,prefill_hot,ffn_like_prefix_20x,8,2048,768,True,1,"{""moe_gating_linear"":{""dimension_source"":""routed_mlp_hidden_dim"",""effective_ffn_width"":768,""expert_parallel_mode"":""on"",""layer_kind"":""routed"",""operator_family_id"":""moe"",""operator_family_ids"":[""moe""],""profile_id"":""generic"",""selected_expert_parallel_size"":null,""selected_padded_ffn_width"":768,""selected_tensor_parallel_size"":1,""tensor_parallel_mode"":""moe_tp"",""tensor_parallel_sizes"":[1]},""moe_gating_routing_topk"":{""dimension_source"":""routed_mlp_hidden_dim"",""effective_ffn_width"":768,""expert_parallel_mode"":""on"",""layer_kind"":""routed"",""operator_family_id"":""moe"",""operator_family_ids"":[""moe""],""profile_id"":""generic"",""selected_expert_parallel_size"":null,""selected_padded_ffn_width"":768,""selected_tensor_parallel_size"":1,""tensor_parallel_mode"":""moe_tp"",""tensor_parallel_sizes"":[1]},""moe_grouped_gemm"":{""dimension_source"":""routed_mlp_hidden_dim"",""effective_ffn_width"":768,""expert_parallel_mode"":""on"",""layer_kind"":""routed"",""operator_family_id"":""moe"",""operator_family_ids"":[""moe""],""profile_id"":""generic"",""selected_expert_parallel_size"":8,""selected_padded_ffn_width"":768,""selected_tensor_parallel_size"":1,""tensor_parallel_mode"":""moe_tp"",""tensor_parallel_sizes"":[1]},""moe_shuffling"":{""dimension_source"":""routed_mlp_hidden_dim"",""effective_ffn_width"":768,""expert_parallel_mode"":""on"",""layer_kind"":""routed"",""operator_family_id"":""moe"",""operator_family_ids"":[""moe""],""profile_id"":""generic"",""selected_expert_parallel_size"":null,""selected_padded_ffn_width"":768,""selected_tensor_parallel_size"":1,""tensor_parallel_mode"":""moe_tp"",""tensor_parallel_sizes"":[1]}}",4096,0.375,256.0,256.0,1.0,1.0,0.0,1.0,4.000000000017834,0.0,uniform,1,vllm_fused,cuda_event,0,anchor
0.013376000337302685,0.014208000153303146,0.013584000058472157,0.013472000136971474,0.0001910643834939184,20,0.09151999652385712,0.09257599711418152,0.09205280020833015,0.09211200103163719,0.0003219598558543769,20,0.043168000876903534,0.05302400141954422,0.04546399991959334,0.0447199996560812,0.002291496856044586,20,0.44489601254463196,0.4554240107536316,0.44994401931762695,0.4504320025444031,0.0027969623915851116,4096,128,16,8,uniform_topk,round_robin_uniform,uniform_1_over_topk,False,prefill_hot,ffn_like_prefix_20x,8,2048,768,True,1,"{""moe_gating_linear"":{""dimension_source"":""routed_mlp_hidden_dim"",""effective_ffn_width"":768,""expert_parallel_mode"":""on"",""layer_kind"":""routed"",""operator_family_id"":""moe"",""operator_family_ids"":[""moe""],""profile_id"":""generic"",""selected_expert_parallel_size"":null,""selected_padded_ffn_width"":768,""selected_tensor_parallel_size"":1,""tensor_parallel_mode"":""moe_tp"",""tensor_parallel_sizes"":[1]},""moe_gating_routing_topk"":{""dimension_source"":""routed_mlp_hidden_dim"",""effective_ffn_width"":768,""expert_parallel_mode"":""on"",""layer_kind"":""routed"",""operator_family_id"":""moe"",""operator_family_ids"":[""moe""],""profile_id"":""generic"",""selected_expert_parallel_size"":null,""selected_padded_ffn_width"":768,""selected_tensor_parallel_size"":1,""tensor_parallel_mode"":""moe_tp"",""tensor_parallel_sizes"":[1]},""moe_grouped_gemm"":{""dimension_source"":""routed_mlp_hidden_dim"",""effective_ffn_width"":768,""expert_parallel_mode"":""on"",""layer_kind"":""routed"",""operator_family_id"":""moe"",""operator_family_ids"":[""moe""],""profile_id"":""generic"",""selected_expert_parallel_size"":8,""selected_padded_ffn_width"":768,""selected_tensor_parallel_size"":1,""tensor_parallel_mode"":""moe_tp"",""tensor_parallel_sizes"":[1]},""moe_shuffling"":{""dimension_source"":""routed_mlp_hidden_dim"",""effective_ffn_width"":768,""expert_parallel_mode"":""on"",""layer_kind"":""routed"",""operator_family_id"":""moe"",""operator_family_ids"":[""moe""],""profile_id"":""generic"",""selected_expert_parallel_size"":null,""selected_padded_ffn_width"":768,""selected_tensor_parallel_size"":1,""tensor_parallel_mode"":""moe_tp"",""tensor_parallel_sizes"":[1]}}",4096,0.375,256.0,256.0,1.0,1.0,0.0,1.0,4.000000000017834,0.0,uniform,2,vllm_fused,cuda_event,0,anchor
0.013376000337302685,0.01462399959564209,0.013731199968606233,0.013712000101804733,0.0002835026279632039,20,0.09148799628019333,0.0939520001411438,0.0921423990279436,0.09203200042247772,0.0005290635210834127,20,0.043616000562906265,0.05737600103020668,0.04611039981245994,0.045344000682234764,0.0031869892639984246,20,0.4583039879798889,0.4639360010623932,0.46062564849853516,0.4604159891605377,0.0017222039168700576,4096,128,16,8,uniform_topk,round_robin_uniform,uniform_1_over_topk,False,prefill_hot,ffn_like_prefix_20x,8,2048,768,True,1,"{""moe_gating_linear"":{""dimension_source"":""routed_mlp_hidden_dim"",""effective_ffn_width"":768,""expert_parallel_mode"":""on"",""layer_kind"":""routed"",""operator_family_id"":""moe"",""operator_family_ids"":[""moe""],""profile_id"":""generic"",""selected_expert_parallel_size"":null,""selected_padded_ffn_width"":768,""selected_tensor_parallel_size"":1,""tensor_parallel_mode"":""moe_tp"",""tensor_parallel_sizes"":[1]},""moe_gating_routing_topk"":{""dimension_source"":""routed_mlp_hidden_dim"",""effective_ffn_width"":768,""expert_parallel_mode"":""on"",""layer_kind"":""routed"",""operator_family_id"":""moe"",""operator_family_ids"":[""moe""],""profile_id"":""generic"",""selected_expert_parallel_size"":null,""selected_padded_ffn_width"":768,""selected_tensor_parallel_size"":1,""tensor_parallel_mode"":""moe_tp"",""tensor_parallel_sizes"":[1]},""moe_grouped_gemm"":{""dimension_source"":""routed_mlp_hidden_dim"",""effective_ffn_width"":768,""expert_parallel_mode"":""on"",""layer_kind"":""routed"",""operator_family_id"":""moe"",""operator_family_ids"":[""moe""],""profile_id"":""generic"",""selected_expert_parallel_size"":8,""selected_padded_ffn_width"":768,""selected_tensor_parallel_size"":1,""tensor_parallel_mode"":""moe_tp"",""tensor_parallel_sizes"":[1]},""moe_shuffling"":{""dimension_source"":""routed_mlp_hidden_dim"",""effective_ffn_width"":768,""expert_parallel_mode"":""on"",""layer_kind"":""routed"",""operator_family_id"":""moe"",""operator_family_ids"":[""moe""],""profile_id"":""generic"",""selected_expert_parallel_size"":null,""selected_padded_ffn_width"":768,""selected_tensor_parallel_size"":1,""tensor_parallel_mode"":""moe_tp"",""tensor_parallel_sizes"":[1]}}",4096,0.375,256.0,256.0,1.0,1.0,0.0,1.0,4.000000000017834,0.0,uniform,0,vllm_fused,cuda_event,1,anchor
0.013856000266969204,0.014816000126302242,0.014084799960255624,0.014063999988138676,0.00019419413968864874,20,0.0944959968328476,0.09583999961614609,0.09514399915933609,0.09512000158429146,0.0004043762453280919,20,0.04323200136423111,0.05225599929690361,0.04576159976422787,0.045471999794244766,0.0021406177151921165,20,0.45903998613357544,0.46886399388313293,0.46207839250564575,0.46118399500846863,0.0029146657325327396,4096,128,16,8,uniform_topk,round_robin_uniform,uniform_1_over_topk,False,prefill_hot,ffn_like_prefix_20x,8,2048,768,True,1,"{""moe_gating_linear"":{""dimension_source"":""routed_mlp_hidden_dim"",""effective_ffn_width"":768,""expert_parallel_mode"":""on"",""layer_kind"":""routed"",""operator_family_id"":""moe"",""operator_family_ids"":[""moe""],""profile_id"":""generic"",""selected_expert_parallel_size"":null,""selected_padded_ffn_width"":768,""selected_tensor_parallel_size"":1,""tensor_parallel_mode"":""moe_tp"",""tensor_parallel_sizes"":[1]},""moe_gating_routing_topk"":{""dimension_source"":""routed_mlp_hidden_dim"",""effective_ffn_width"":768,""expert_parallel_mode"":""on"",""layer_kind"":""routed"",""operator_family_id"":""moe"",""operator_family_ids"":[""moe""],""profile_id"":""generic"",""selected_expert_parallel_size"":null,""selected_padded_ffn_width"":768,""selected_tensor_parallel_size"":1,""tensor_parallel_mode"":""moe_tp"",""tensor_parallel_sizes"":[1]},""moe_grouped_gemm"":{""dimension_source"":""routed_mlp_hidden_dim"",""effective_ffn_width"":768,""expert_parallel_mode"":""on"",""layer_kind"":""routed"",""operator_family_id"":""moe"",""operator_family_ids"":[""moe""],""profile_id"":""generic"",""selected_expert_parallel_size"":8,""selected_padded_ffn_width"":768,""selected_tensor_parallel_size"":1,""tensor_parallel_mode"":""moe_tp"",""tensor_parallel_sizes"":[1]},""moe_shuffling"":{""dimension_source"":""routed_mlp_hidden_dim"",""effective_ffn_width"":768,""expert_parallel_mode"":""on"",""layer_kind"":""routed"",""operator_family_id"":""moe"",""operator_family_ids"":[""moe""],""profile_id"":""generic"",""selected_expert_parallel_size"":null,""selected_padded_ffn_width"":768,""selected_tensor_parallel_size"":1,""tensor_parallel_mode"":""moe_tp"",""tensor_parallel_sizes"":[1]}}",4096,0.375,256.0,256.0,1.0,1.0,0.0,1.0,4.000000000017834,0.0,uniform,1,vllm_fused,cuda_event,1,anchor
0.013791999779641628,0.014911999925971031,0.01410879991017282,0.014047999866306782,0.00029448696520022774,20,0.09564799815416336,0.09718400239944458,0.0963408000767231,0.0963360033929348,0.00048013650465328047,20,0.04303999990224838,0.05206400156021118,0.04571040049195289,0.04540799930691719,0.002434808841400744,20,0.4596160054206848,0.4695039987564087,0.4637328088283539,0.4622400104999542,0.0027946215122938156,4096,128,16,8,uniform_topk,round_robin_uniform,uniform_1_over_topk,False,prefill_hot,ffn_like_prefix_20x,8,2048,768,True,1,"{""moe_gating_linear"":{""dimension_source"":""routed_mlp_hidden_dim"",""effective_ffn_width"":768,""expert_parallel_mode"":""on"",""layer_kind"":""routed"",""operator_family_id"":""moe"",""operator_family_ids"":[""moe""],""profile_id"":""generic"",""selected_expert_parallel_size"":null,""selected_padded_ffn_width"":768,""selected_tensor_parallel_size"":1,""tensor_parallel_mode"":""moe_tp"",""tensor_parallel_sizes"":[1]},""moe_gating_routing_topk"":{""dimension_source"":""routed_mlp_hidden_dim"",""effective_ffn_width"":768,""expert_parallel_mode"":""on"",""layer_kind"":""routed"",""operator_family_id"":""moe"",""operator_family_ids"":[""moe""],""profile_id"":""generic"",""selected_expert_parallel_size"":null,""selected_padded_ffn_width"":768,""selected_tensor_parallel_size"":1,""tensor_parallel_mode"":""moe_tp"",""tensor_parallel_sizes"":[1]},""moe_grouped_gemm"":{""dimension_source"":""routed_mlp_hidden_dim"",""effective_ffn_width"":768,""expert_parallel_mode"":""on"",""layer_kind"":""routed"",""operator_family_id"":""moe"",""operator_family_ids"":[""moe""],""profile_id"":""generic"",""selected_expert_parallel_size"":8,""selected_padded_ffn_width"":768,""selected_tensor_parallel_size"":1,""tensor_parallel_mode"":""moe_tp"",""tensor_parallel_sizes"":[1]},""moe_shuffling"":{""dimension_source"":""routed_mlp_hidden_dim"",""effective_ffn_width"":768,""expert_parallel_mode"":""on"",""layer_kind"":""routed"",""operator_family_id"":""moe"",""operator_family_ids"":[""moe""],""profile_id"":""generic"",""selected_expert_parallel_size"":null,""selected_padded_ffn_width"":768,""selected_tensor_parallel_size"":1,""tensor_parallel_mode"":""moe_tp"",""tensor_parallel_sizes"":[1]}}",4096,0.375,256.0,256.0,1.0,1.0,0.0,1.0,4.000000000017834,0.0,uniform,2,vllm_fused,cuda_event,1,anchor
0.01375999953597784,0.015104000456631184,0.014067199965938925,0.01398400031030178,0.00031701011661387725,20,0.0952640026807785,0.09696000069379807,0.09621599987149239,0.09625600278377533,0.00045276029562414086,20,0.042527999728918076,0.06083200126886368,0.04572320021688938,0.044624000787734985,0.0038987018930836726,20,0.47200000286102295,0.4819520115852356,0.4762975573539734,0.47577598690986633,0.002820631256327033,4096,128,16,8,uniform_topk,round_robin_uniform,uniform_1_over_topk,False,prefill_hot,ffn_like_prefix_20x,8,2048,768,True,1,"{""moe_gating_linear"":{""dimension_source"":""routed_mlp_hidden_dim"",""effective_ffn_width"":768,""expert_parallel_mode"":""on"",""layer_kind"":""routed"",""operator_family_id"":""moe"",""operator_family_ids"":[""moe""],""profile_id"":""generic"",""selected_expert_parallel_size"":null,""selected_padded_ffn_width"":768,""selected_tensor_parallel_size"":1,""tensor_parallel_mode"":""moe_tp"",""tensor_parallel_sizes"":[1]},""moe_gating_routing_topk"":{""dimension_source"":""routed_mlp_hidden_dim"",""effective_ffn_width"":768,""expert_parallel_mode"":""on"",""layer_kind"":""routed"",""operator_family_id"":""moe"",""operator_family_ids"":[""moe""],""profile_id"":""generic"",""selected_expert_parallel_size"":null,""selected_padded_ffn_width"":768,""selected_tensor_parallel_size"":1,""tensor_parallel_mode"":""moe_tp"",""tensor_parallel_sizes"":[1]},""moe_grouped_gemm"":{""dimension_source"":""routed_mlp_hidden_dim"",""effective_ffn_width"":768,""expert_parallel_mode"":""on"",""layer_kind"":""routed"",""operator_family_id"":""moe"",""operator_family_ids"":[""moe""],""profile_id"":""generic"",""selected_expert_parallel_size"":8,""selected_padded_ffn_width"":768,""selected_tensor_parallel_size"":1,""tensor_parallel_mode"":""moe_tp"",""tensor_parallel_sizes"":[1]},""moe_shuffling"":{""dimension_source"":""routed_mlp_hidden_dim"",""effective_ffn_width"":768,""expert_parallel_mode"":""on"",""layer_kind"":""routed"",""operator_family_id"":""moe"",""operator_family_ids"":[""moe""],""profile_id"":""generic"",""selected_expert_parallel_size"":null,""selected_padded_ffn_width"":768,""selected_tensor_parallel_size"":1,""tensor_parallel_mode"":""moe_tp"",""tensor_parallel_sizes"":[1]}}",4096,0.375,256.0,256.0,1.0,1.0,0.0,1.0,4.000000000017834,0.0,uniform,0,vllm_fused,cuda_event,7,anchor
0.013663999736309052,0.015135999768972397,0.014139199955388903,0.013999999966472387,0.00038296860909662624,20,0.09302400052547455,0.09436800330877304,0.09382400028407574,0.09387199953198433,0.00030843105159143904,20,0.043296001851558685,0.052671998739242554,0.04539359975606203,0.045103998854756355,0.0021728789867197554,20,0.47036799788475037,0.4790720045566559,0.4765344262123108,0.47654399275779724,0.001977881882339716,4096,128,16,8,uniform_topk,round_robin_uniform,uniform_1_over_topk,False,prefill_hot,ffn_like_prefix_20x,8,2048,768,True,1,"{""moe_gating_linear"":{""dimension_source"":""routed_mlp_hidden_dim"",""effective_ffn_width"":768,""expert_parallel_mode"":""on"",""layer_kind"":""routed"",""operator_family_id"":""moe"",""operator_family_ids"":[""moe""],""profile_id"":""generic"",""selected_expert_parallel_size"":null,""selected_padded_ffn_width"":768,""selected_tensor_parallel_size"":1,""tensor_parallel_mode"":""moe_tp"",""tensor_parallel_sizes"":[1]},""moe_gating_routing_topk"":{""dimension_source"":""routed_mlp_hidden_dim"",""effective_ffn_width"":768,""expert_parallel_mode"":""on"",""layer_kind"":""routed"",""operator_family_id"":""moe"",""operator_family_ids"":[""moe""],""profile_id"":""generic"",""selected_expert_parallel_size"":null,""selected_padded_ffn_width"":768,""selected_tensor_parallel_size"":1,""tensor_parallel_mode"":""moe_tp"",""tensor_parallel_sizes"":[1]},""moe_grouped_gemm"":{""dimension_source"":""routed_mlp_hidden_dim"",""effective_ffn_width"":768,""expert_parallel_mode"":""on"",""layer_kind"":""routed"",""operator_family_id"":""moe"",""operator_family_ids"":[""moe""],""profile_id"":""generic"",""selected_expert_parallel_size"":8,""selected_padded_ffn_width"":768,""selected_tensor_parallel_size"":1,""tensor_parallel_mode"":""moe_tp"",""tensor_parallel_sizes"":[1]},""moe_shuffling"":{""dimension_source"":""routed_mlp_hidden_dim"",""effective_ffn_width"":768,""expert_parallel_mode"":""on"",""layer_kind"":""routed"",""operator_family_id"":""moe"",""operator_family_ids"":[""moe""],""profile_id"":""generic"",""selected_expert_parallel_size"":null,""selected_padded_ffn_width"":768,""selected_tensor_parallel_size"":1,""tensor_parallel_mode"":""moe_tp"",""tensor_parallel_sizes"":[1]}}",4096,0.375,256.0,256.0,1.0,1.0,0.0,1.0,4.000000000017834,0.0,uniform,1,vllm_fused,cuda_event,7,anchor
0.013376000337302685,0.014720000326633453,0.013785600010305644,0.013679999858140945,0.00036353460055469993,20,0.09139200299978256,0.09286399930715561,0.09210720025002957,0.0920960009098053,0.0003651752090171699,20,0.04310400038957596,0.05273599922657013,0.045236799865961075,0.04444799944758415,0.0021002647827558616,20,0.4710400104522705,0.47948798537254333,0.4746991991996765,0.4737600088119507,0.002337121404707432,4096,128,16,8,uniform_topk,round_robin_uniform,uniform_1_over_topk,False,prefill_hot,ffn_like_prefix_20x,8,2048,768,True,1,"{""moe_gating_linear"":{""dimension_source"":""routed_mlp_hidden_dim"",""effective_ffn_width"":768,""expert_parallel_mode"":""on"",""layer_kind"":""routed"",""operator_family_id"":""moe"",""operator_family_ids"":[""moe""],""profile_id"":""generic"",""selected_expert_parallel_size"":null,""selected_padded_ffn_width"":768,""selected_tensor_parallel_size"":1,""tensor_parallel_mode"":""moe_tp"",""tensor_parallel_sizes"":[1]},""moe_gating_routing_topk"":{""dimension_source"":""routed_mlp_hidden_dim"",""effective_ffn_width"":768,""expert_parallel_mode"":""on"",""layer_kind"":""routed"",""operator_family_id"":""moe"",""operator_family_ids"":[""moe""],""profile_id"":""generic"",""selected_expert_parallel_size"":null,""selected_padded_ffn_width"":768,""selected_tensor_parallel_size"":1,""tensor_parallel_mode"":""moe_tp"",""tensor_parallel_sizes"":[1]},""moe_grouped_gemm"":{""dimension_source"":""routed_mlp_hidden_dim"",""effective_ffn_width"":768,""expert_parallel_mode"":""on"",""layer_kind"":""routed"",""operator_family_id"":""moe"",""operator_family_ids"":[""moe""],""profile_id"":""generic"",""selected_expert_parallel_size"":8,""selected_padded_ffn_width"":768,""selected_tensor_parallel_size"":1,""tensor_parallel_mode"":""moe_tp"",""tensor_parallel_sizes"":[1]},""moe_shuffling"":{""dimension_source"":""routed_mlp_hidden_dim"",""effective_ffn_width"":768,""expert_parallel_mode"":""on"",""layer_kind"":""routed"",""operator_family_id"":""moe"",""operator_family_ids"":[""moe""],""profile_id"":""generic"",""selected_expert_parallel_size"":null,""selected_padded_ffn_width"":768,""selected_tensor_parallel_size"":1,""tensor_parallel_mode"":""moe_tp"",""tensor_parallel_sizes"":[1]}}",4096,0.375,256.0,256.0,1.0,1.0,0.0,1.0,4.000000000017834,0.0,uniform,2,vllm_fused,cuda_event,7,anchor
0.013504000380635262,0.01414399966597557,0.01387039995752275,0.013919999822974205,0.00016764906567854338,20,0.09203200042247772,0.09363199770450592,0.09293599985539913,0.0928959995508194,0.00041165492585601746,20,0.04281599819660187,0.053119998425245285,0.04584959987550974,0.045744000002741814,0.00228665896808414,20,0.45664000511169434,0.47353601455688477,0.4640880227088928,0.4633600115776062,0.004536403343081474,4097,128,16,8,uniform_topk,round_robin_uniform,uniform_1_over_topk,False,prefill_hot,ffn_like_prefix_20x,8,2048,768,True,1,"{""moe_gating_linear"":{""dimension_source"":""routed_mlp_hidden_dim"",""effective_ffn_width"":768,""expert_parallel_mode"":""on"",""layer_kind"":""routed"",""operator_family_id"":""moe"",""operator_family_ids"":[""moe""],""profile_id"":""generic"",""selected_expert_parallel_size"":null,""selected_padded_ffn_width"":768,""selected_tensor_parallel_size"":1,""tensor_parallel_mode"":""moe_tp"",""tensor_parallel_sizes"":[1]},""moe_gating_routing_topk"":{""dimension_source"":""routed_mlp_hidden_dim"",""effective_ffn_width"":768,""expert_parallel_mode"":""on"",""layer_kind"":""routed"",""operator_family_id"":""moe"",""operator_family_ids"":[""moe""],""profile_id"":""generic"",""selected_expert_parallel_size"":null,""selected_padded_ffn_width"":768,""selected_tensor_parallel_size"":1,""tensor_parallel_mode"":""moe_tp"",""tensor_parallel_sizes"":[1]},""moe_grouped_gemm"":{""dimension_source"":""routed_mlp_hidden_dim"",""effective_ffn_width"":768,""expert_parallel_mode"":""on"",""layer_kind"":""routed"",""operator_family_id"":""moe"",""operator_family_ids"":[""moe""],""profile_id"":""generic"",""selected_expert_parallel_size"":8,""selected_padded_ffn_width"":768,""selected_tensor_parallel_size"":1,""tensor_parallel_mode"":""moe_tp"",""tensor_parallel_sizes"":[1]},""moe_shuffling"":{""dimension_source"":""routed_mlp_hidden_dim"",""effective_ffn_width"":768,""expert_parallel_mode"":""on"",""layer_kind"":""routed"",""operator_family_id"":""moe"",""operator_family_ids"":[""moe""],""profile_id"":""generic"",""selected_expert_parallel_size"":null,""selected_padded_ffn_width"":768,""selected_tensor_parallel_size"":1,""tensor_parallel_mode"":""moe_tp"",""tensor_parallel_sizes"":[1]}}",4104,0.375,256.5,256.5,1.0,0.9980506822612085,0.001949317738791423,1.0019493177387915,3.9999972590111907,0.0009746588693957392,uniform,0,vllm_fused,cuda_event,0,anchor
0.014112000353634357,0.01532800029963255,0.014505600044503807,0.01432000007480383,0.0003990516012728347,20,0.09497600048780441,0.0976639986038208,0.0963919997215271,0.09638400003314018,0.0006563412277173497,20,0.042847998440265656,0.05423999950289726,0.04509119987487793,0.04460799880325794,0.002450349682531084,20,0.45606398582458496,0.4705919921398163,0.4624783992767334,0.4623039960861206,0.004016633611172438,4097,128,16,8,uniform_topk,round_robin_uniform,uniform_1_over_topk,False,prefill_hot,ffn_like_prefix_20x,8,2048,768,True,1,"{""moe_gating_linear"":{""dimension_source"":""routed_mlp_hidden_dim"",""effective_ffn_width"":768,""expert_parallel_mode"":""on"",""layer_kind"":""routed"",""operator_family_id"":""moe"",""operator_family_ids"":[""moe""],""profile_id"":""generic"",""selected_expert_parallel_size"":null,""selected_padded_ffn_width"":768,""selected_tensor_parallel_size"":1,""tensor_parallel_mode"":""moe_tp"",""tensor_parallel_sizes"":[1]},""moe_gating_routing_topk"":{""dimension_source"":""routed_mlp_hidden_dim"",""effective_ffn_width"":768,""expert_parallel_mode"":""on"",""layer_kind"":""routed"",""operator_family_id"":""moe"",""operator_family_ids"":[""moe""],""profile_id"":""generic"",""selected_expert_parallel_size"":null,""selected_padded_ffn_width"":768,""selected_tensor_parallel_size"":1,""tensor_parallel_mode"":""moe_tp"",""tensor_parallel_sizes"":[1]},""moe_grouped_gemm"":{""dimension_source"":""routed_mlp_hidden_dim"",""effective_ffn_width"":768,""expert_parallel_mode"":""on"",""layer_kind"":""routed"",""operator_family_id"":""moe"",""operator_family_ids"":[""moe""],""profile_id"":""generic"",""selected_expert_parallel_size"":8,""selected_padded_ffn_width"":768,""selected_tensor_parallel_size"":1,""tensor_parallel_mode"":""moe_tp"",""tensor_parallel_sizes"":[1]},""moe_shuffling"":{""dimension_source"":""routed_mlp_hidden_dim"",""effective_ffn_width"":768,""expert_parallel_mode"":""on"",""layer_kind"":""routed"",""operator_family_id"":""moe"",""operator_family_ids"":[""moe""],""profile_id"":""generic"",""selected_expert_parallel_size"":null,""selected_padded_ffn_width"":768,""selected_tensor_parallel_size"":1,""tensor_parallel_mode"":""moe_tp"",""tensor_parallel_sizes"":[1]}}",4104,0.375,256.5,256.5,1.0,0.9980506822612085,0.001949317738791423,1.0019493177387915,3.9999972590111907,0.0009746588693957392,uniform,1,vllm_fused,cuda_event,0,anchor
0.013952000066637993,0.015552000142633915,0.014441600069403648,0.014400000218302011,0.0003277618736677238,20,0.0960640013217926,0.09772799909114838,0.09683199971914291,0.0968639999628067,0.0004471991442740229,20,0.04291199892759323,0.052032001316547394,0.04563680030405522,0.04516800120472908,0.00246774308562394,20,0.45664000511169434,0.47148799896240234,0.4646880030632019,0.4640960097312927,0.0039392816834151745,4097,128,16,8,uniform_topk,round_robin_uniform,uniform_1_over_topk,False,prefill_hot,ffn_like_prefix_20x,8,2048,768,True,1,"{""moe_gating_linear"":{""dimension_source"":""routed_mlp_hidden_dim"",""effective_ffn_width"":768,""expert_parallel_mode"":""on"",""layer_kind"":""routed"",""operator_family_id"":""moe"",""operator_family_ids"":[""moe""],""profile_id"":""generic"",""selected_expert_parallel_size"":null,""selected_padded_ffn_width"":768,""selected_tensor_parallel_size"":1,""tensor_parallel_mode"":""moe_tp"",""tensor_parallel_sizes"":[1]},""moe_gating_routing_topk"":{""dimension_source"":""routed_mlp_hidden_dim"",""effective_ffn_width"":768,""expert_parallel_mode"":""on"",""layer_kind"":""routed"",""operator_family_id"":""moe"",""operator_family_ids"":[""moe""],""profile_id"":""generic"",""selected_expert_parallel_size"":null,""selected_padded_ffn_width"":768,""selected_tensor_parallel_size"":1,""tensor_parallel_mode"":""moe_tp"",""tensor_parallel_sizes"":[1]},""moe_grouped_gemm"":{""dimension_source"":""routed_mlp_hidden_dim"",""effective_ffn_width"":768,""expert_parallel_mode"":""on"",""layer_kind"":""routed"",""operator_family_id"":""moe"",""operator_family_ids"":[""moe""],""profile_id"":""generic"",""selected_expert_parallel_size"":8,""selected_padded_ffn_width"":768,""selected_tensor_parallel_size"":1,""tensor_parallel_mode"":""moe_tp"",""tensor_parallel_sizes"":[1]},""moe_shuffling"":{""dimension_source"":""routed_mlp_hidden_dim"",""effective_ffn_width"":768,""expert_parallel_mode"":""on"",""layer_kind"":""routed"",""operator_family_id"":""moe"",""operator_family_ids"":[""moe""],""profile_id"":""generic"",""selected_expert_parallel_size"":null,""selected_padded_ffn_width"":768,""selected_tensor_parallel_size"":1,""tensor_parallel_mode"":""moe_tp"",""tensor_parallel_sizes"":[1]}}",4104,0.375,256.5,256.5,1.0,0.9980506822612085,0.001949317738791423,1.0019493177387915,3.9999972590111907,0.0009746588693957392,uniform,2,vllm_fused,cuda_event,0,anchor
0.01408000010997057,0.014816000126302242,0.014352000039070844,0.014287999831140041,0.0001736570914205307,20,0.09622400254011154,0.09808000177145004,0.09686079993844032,0.09663999825716019,0.0005829708434793959,20,0.043136000633239746,0.051872000098228455,0.04586080014705658,0.04631999880075455,0.0020486063414054275,20,0.45340800285339355,0.46492800116539,0.45883041620254517,0.4578239917755127,0.0026438573841005564,4097,128,16,8,uniform_topk,round_robin_uniform,uniform_1_over_topk,False,prefill_hot,ffn_like_prefix_20x,8,2048,768,True,1,"{""moe_gating_linear"":{""dimension_source"":""routed_mlp_hidden_dim"",""effective_ffn_width"":768,""expert_parallel_mode"":""on"",""layer_kind"":""routed"",""operator_family_id"":""moe"",""operator_family_ids"":[""moe""],""profile_id"":""generic"",""selected_expert_parallel_size"":null,""selected_padded_ffn_width"":768,""selected_tensor_parallel_size"":1,""tensor_parallel_mode"":""moe_tp"",""tensor_parallel_sizes"":[1]},""moe_gating_routing_topk"":{""dimension_source"":""routed_mlp_hidden_dim"",""effective_ffn_width"":768,""expert_parallel_mode"":""on"",""layer_kind"":""routed"",""operator_family_id"":""moe"",""operator_family_ids"":[""moe""],""profile_id"":""generic"",""selected_expert_parallel_size"":null,""selected_padded_ffn_width"":768,""selected_tensor_parallel_size"":1,""tensor_parallel_mode"":""moe_tp"",""tensor_parallel_sizes"":[1]},""moe_grouped_gemm"":{""dimension_source"":""routed_mlp_hidden_dim"",""effective_ffn_width"":768,""expert_parallel_mode"":""on"",""layer_kind"":""routed"",""operator_family_id"":""moe"",""operator_family_ids"":[""moe""],""profile_id"":""generic"",""selected_expert_parallel_size"":8,""selected_padded_ffn_width"":768,""selected_tensor_parallel_size"":1,""tensor_parallel_mode"":""moe_tp"",""tensor_parallel_sizes"":[1]},""moe_shuffling"":{""dimension_source"":""routed_mlp_hidden_dim"",""effective_ffn_width"":768,""expert_parallel_mode"":""on"",""layer_kind"":""routed"",""operator_family_id"":""moe"",""operator_family_ids"":[""moe""],""profile_id"":""generic"",""selected_expert_parallel_size"":null,""selected_padded_ffn_width"":768,""selected_tensor_parallel_size"":1,""tensor_parallel_mode"":""moe_tp"",""tensor_parallel_sizes"":[1]}}",4096,0.375,256.0,256.0,1.0,1.0,0.0,1.0,4.000000000017834,0.0,uniform,0,vllm_fused,cuda_event,1,anchor
0.013887999579310417,0.01532800029963255,0.014420799911022186,0.014352000318467617,0.00037527087210224386,20,0.09363199770450592,0.09487999975681305,0.09420480132102967,0.094224002212286,0.0003125377440154593,20,0.043168000876903534,0.05471999943256378,0.04550560023635626,0.04464000090956688,0.0025678970215004056,20,0.4538559913635254,0.46275201439857483,0.4576416015625,0.4577920138835907,0.001925023039802909,4097,128,16,8,uniform_topk,round_robin_uniform,uniform_1_over_topk,False,prefill_hot,ffn_like_prefix_20x,8,2048,768,True,1,"{""moe_gating_linear"":{""dimension_source"":""routed_mlp_hidden_dim"",""effective_ffn_width"":768,""expert_parallel_mode"":""on"",""layer_kind"":""routed"",""operator_family_id"":""moe"",""operator_family_ids"":[""moe""],""profile_id"":""generic"",""selected_expert_parallel_size"":null,""selected_padded_ffn_width"":768,""selected_tensor_parallel_size"":1,""tensor_parallel_mode"":""moe_tp"",""tensor_parallel_sizes"":[1]},""moe_gating_routing_topk"":{""dimension_source"":""routed_mlp_hidden_dim"",""effective_ffn_width"":768,""expert_parallel_mode"":""on"",""layer_kind"":""routed"",""operator_family_id"":""moe"",""operator_family_ids"":[""moe""],""profile_id"":""generic"",""selected_expert_parallel_size"":null,""selected_padded_ffn_width"":768,""selected_tensor_parallel_size"":1,""tensor_parallel_mode"":""moe_tp"",""tensor_parallel_sizes"":[1]},""moe_grouped_gemm"":{""dimension_source"":""routed_mlp_hidden_dim"",""effective_ffn_width"":768,""expert_parallel_mode"":""on"",""layer_kind"":""routed"",""operator_family_id"":""moe"",""operator_family_ids"":[""moe""],""profile_id"":""generic"",""selected_expert_parallel_size"":8,""selected_padded_ffn_width"":768,""selected_tensor_parallel_size"":1,""tensor_parallel_mode"":""moe_tp"",""tensor_parallel_sizes"":[1]},""moe_shuffling"":{""dimension_source"":""routed_mlp_hidden_dim"",""effective_ffn_width"":768,""expert_parallel_mode"":""on"",""layer_kind"":""routed"",""operator_family_id"":""moe"",""operator_family_ids"":[""moe""],""profile_id"":""generic"",""selected_expert_parallel_size"":null,""selected_padded_ffn_width"":768,""selected_tensor_parallel_size"":1,""tensor_parallel_mode"":""moe_tp"",""tensor_parallel_sizes"":[1]}}",4096,0.375,256.0,256.0,1.0,1.0,0.0,1.0,4.000000000017834,0.0,uniform,1,vllm_fused,cuda_event,1,anchor
0.013407999649643898,0.0144640002399683,0.013865599874407053,0.013887999579310417,0.00024309482423878434,20,0.0920960009098053,0.09401600062847137,0.09315680004656315,0.09323200210928917,0.000504775844477519,20,0.043487999588251114,0.05718399956822395,0.04555200003087521,0.04439999908208847,0.0029606396545782277,20,0.45494401454925537,0.46239998936653137,0.4577055871486664,0.45718398690223694,0.002016735728830099,4097,128,16,8,uniform_topk,round_robin_uniform,uniform_1_over_topk,False,prefill_hot,ffn_like_prefix_20x,8,2048,768,True,1,"{""moe_gating_linear"":{""dimension_source"":""routed_mlp_hidden_dim"",""effective_ffn_width"":768,""expert_parallel_mode"":""on"",""layer_kind"":""routed"",""operator_family_id"":""moe"",""operator_family_ids"":[""moe""],""profile_id"":""generic"",""selected_expert_parallel_size"":null,""selected_padded_ffn_width"":768,""selected_tensor_parallel_size"":1,""tensor_parallel_mode"":""moe_tp"",""tensor_parallel_sizes"":[1]},""moe_gating_routing_topk"":{""dimension_source"":""routed_mlp_hidden_dim"",""effective_ffn_width"":768,""expert_parallel_mode"":""on"",""layer_kind"":""routed"",""operator_family_id"":""moe"",""operator_family_ids"":[""moe""],""profile_id"":""generic"",""selected_expert_parallel_size"":null,""selected_padded_ffn_width"":768,""selected_tensor_parallel_size"":1,""tensor_parallel_mode"":""moe_tp"",""tensor_parallel_sizes"":[1]},""moe_grouped_gemm"":{""dimension_source"":""routed_mlp_hidden_dim"",""effective_ffn_width"":768,""expert_parallel_mode"":""on"",""layer_kind"":""routed"",""operator_family_id"":""moe"",""operator_family_ids"":[""moe""],""profile_id"":""generic"",""selected_expert_parallel_size"":8,""selected_padded_ffn_width"":768,""selected_tensor_parallel_size"":1,""tensor_parallel_mode"":""moe_tp"",""tensor_parallel_sizes"":[1]},""moe_shuffling"":{""dimension_source"":""routed_mlp_hidden_dim"",""effective_ffn_width"":768,""expert_parallel_mode"":""on"",""layer_kind"":""routed"",""operator_family_id"":""moe"",""operator_family_ids"":[""moe""],""profile_id"":""generic"",""selected_expert_parallel_size"":null,""selected_padded_ffn_width"":768,""selected_tensor_parallel_size"":1,""tensor_parallel_mode"":""moe_tp"",""tensor_parallel_sizes"":[1]}}",4096,0.375,256.0,256.0,1.0,1.0,0.0,1.0,4.000000000017834,0.0,uniform,2,vllm_fused,cuda_event,1,anchor
0.013663999736309052,0.014688000082969666,0.013951999926939606,0.01387199992313981,0.00026561928498606717,20,0.09286399930715561,0.09427200257778168,0.0934080008417368,0.09336000308394432,0.00033485507232532136,20,0.04303999990224838,0.051231998950242996,0.045241599529981615,0.04532800056040287,0.0019335415445696801,20,0.4641599953174591,0.5135999917984009,0.4744848310947418,0.4723840057849884,0.009713361971080303,4097,128,16,8,uniform_topk,round_robin_uniform,uniform_1_over_topk,False,prefill_hot,ffn_like_prefix_20x,8,2048,768,True,1,"{""moe_gating_linear"":{""dimension_source"":""routed_mlp_hidden_dim"",""effective_ffn_width"":768,""expert_parallel_mode"":""on"",""layer_kind"":""routed"",""operator_family_id"":""moe"",""operator_family_ids"":[""moe""],""profile_id"":""generic"",""selected_expert_parallel_size"":null,""selected_padded_ffn_width"":768,""selected_tensor_parallel_size"":1,""tensor_parallel_mode"":""moe_tp"",""tensor_parallel_sizes"":[1]},""moe_gating_routing_topk"":{""dimension_source"":""routed_mlp_hidden_dim"",""effective_ffn_width"":768,""expert_parallel_mode"":""on"",""layer_kind"":""routed"",""operator_family_id"":""moe"",""operator_family_ids"":[""moe""],""profile_id"":""generic"",""selected_expert_parallel_size"":null,""selected_padded_ffn_width"":768,""selected_tensor_parallel_size"":1,""tensor_parallel_mode"":""moe_tp"",""tensor_parallel_sizes"":[1]},""moe_grouped_gemm"":{""dimension_source"":""routed_mlp_hidden_dim"",""effective_ffn_width"":768,""expert_parallel_mode"":""on"",""layer_kind"":""routed"",""operator_family_id"":""moe"",""operator_family_ids"":[""moe""],""profile_id"":""generic"",""selected_expert_parallel_size"":8,""selected_padded_ffn_width"":768,""selected_tensor_parallel_size"":1,""tensor_parallel_mode"":""moe_tp"",""tensor_parallel_sizes"":[1]},""moe_shuffling"":{""dimension_source"":""routed_mlp_hidden_dim"",""effective_ffn_width"":768,""expert_parallel_mode"":""on"",""layer_kind"":""routed"",""operator_family_id"":""moe"",""operator_family_ids"":[""moe""],""profile_id"":""generic"",""selected_expert_parallel_size"":null,""selected_padded_ffn_width"":768,""selected_tensor_parallel_size"":1,""tensor_parallel_mode"":""moe_tp"",""tensor_parallel_sizes"":[1]}}",4096,0.375,256.0,256.0,1.0,1.0,0.0,1.0,4.000000000017834,0.0,uniform,0,vllm_fused,cuda_event,7,anchor
0.01398400031030178,0.015552000142633915,0.014542400045320392,0.014479999896138906,0.00039897147786714204,20,0.09596800059080124,0.09782399982213974,0.09670399986207485,0.09665599837899208,0.0005153881531099642,20,0.04390399903059006,0.05347200110554695,0.04572480004280806,0.04524800181388855,0.002140938915113705,20,0.46908798813819885,0.4928959906101227,0.4740031659603119,0.4724160134792328,0.005275791510939598,4097,128,16,8,uniform_topk,round_robin_uniform,uniform_1_over_topk,False,prefill_hot,ffn_like_prefix_20x,8,2048,768,True,1,"{""moe_gating_linear"":{""dimension_source"":""routed_mlp_hidden_dim"",""effective_ffn_width"":768,""expert_parallel_mode"":""on"",""layer_kind"":""routed"",""operator_family_id"":""moe"",""operator_family_ids"":[""moe""],""profile_id"":""generic"",""selected_expert_parallel_size"":null,""selected_padded_ffn_width"":768,""selected_tensor_parallel_size"":1,""tensor_parallel_mode"":""moe_tp"",""tensor_parallel_sizes"":[1]},""moe_gating_routing_topk"":{""dimension_source"":""routed_mlp_hidden_dim"",""effective_ffn_width"":768,""expert_parallel_mode"":""on"",""layer_kind"":""routed"",""operator_family_id"":""moe"",""operator_family_ids"":[""moe""],""profile_id"":""generic"",""selected_expert_parallel_size"":null,""selected_padded_ffn_width"":768,""selected_tensor_parallel_size"":1,""tensor_parallel_mode"":""moe_tp"",""tensor_parallel_sizes"":[1]},""moe_grouped_gemm"":{""dimension_source"":""routed_mlp_hidden_dim"",""effective_ffn_width"":768,""expert_parallel_mode"":""on"",""layer_kind"":""routed"",""operator_family_id"":""moe"",""operator_family_ids"":[""moe""],""profile_id"":""generic"",""selected_expert_parallel_size"":8,""selected_padded_ffn_width"":768,""selected_tensor_parallel_size"":1,""tensor_parallel_mode"":""moe_tp"",""tensor_parallel_sizes"":[1]},""moe_shuffling"":{""dimension_source"":""routed_mlp_hidden_dim"",""effective_ffn_width"":768,""expert_parallel_mode"":""on"",""layer_kind"":""routed"",""operator_family_id"":""moe"",""operator_family_ids"":[""moe""],""profile_id"":""generic"",""selected_expert_parallel_size"":null,""selected_padded_ffn_width"":768,""selected_tensor_parallel_size"":1,""tensor_parallel_mode"":""moe_tp"",""tensor_parallel_sizes"":[1]}}",4096,0.375,256.0,256.0,1.0,1.0,0.0,1.0,4.000000000017834,0.0,uniform,1,vllm_fused,cuda_event,7,anchor
0.014015999622642994,0.015359999611973763,0.014348800061270595,0.014303999952971935,0.000282869789681895,20,0.09545599669218063,0.09772799909114838,0.09673280045390129,0.09699200093746185,0.0006250169687400383,20,0.04310400038957596,0.056543998420238495,0.045894399657845496,0.04519999958574772,0.0033563345028417083,20,0.4695039987564087,0.47942399978637695,0.47317439317703247,0.4724479913711548,0.002324613742530346,4097,128,16,8,uniform_topk,round_robin_uniform,uniform_1_over_topk,False,prefill_hot,ffn_like_prefix_20x,8,2048,768,True,1,"{""moe_gating_linear"":{""dimension_source"":""routed_mlp_hidden_dim"",""effective_ffn_width"":768,""expert_parallel_mode"":""on"",""layer_kind"":""routed"",""operator_family_id"":""moe"",""operator_family_ids"":[""moe""],""profile_id"":""generic"",""selected_expert_parallel_size"":null,""selected_padded_ffn_width"":768,""selected_tensor_parallel_size"":1,""tensor_parallel_mode"":""moe_tp"",""tensor_parallel_sizes"":[1]},""moe_gating_routing_topk"":{""dimension_source"":""routed_mlp_hidden_dim"",""effective_ffn_width"":768,""expert_parallel_mode"":""on"",""layer_kind"":""routed"",""operator_family_id"":""moe"",""operator_family_ids"":[""moe""],""profile_id"":""generic"",""selected_expert_parallel_size"":null,""selected_padded_ffn_width"":768,""selected_tensor_parallel_size"":1,""tensor_parallel_mode"":""moe_tp"",""tensor_parallel_sizes"":[1]},""moe_grouped_gemm"":{""dimension_source"":""routed_mlp_hidden_dim"",""effective_ffn_width"":768,""expert_parallel_mode"":""on"",""layer_kind"":""routed"",""operator_family_id"":""moe"",""operator_family_ids"":[""moe""],""profile_id"":""generic"",""selected_expert_parallel_size"":8,""selected_padded_ffn_width"":768,""selected_tensor_parallel_size"":1,""tensor_parallel_mode"":""moe_tp"",""tensor_parallel_sizes"":[1]},""moe_shuffling"":{""dimension_source"":""routed_mlp_hidden_dim"",""effective_ffn_width"":768,""expert_parallel_mode"":""on"",""layer_kind"":""routed"",""operator_family_id"":""moe"",""operator_family_ids"":[""moe""],""profile_id"":""generic"",""selected_expert_parallel_size"":null,""selected_padded_ffn_width"":768,""selected_tensor_parallel_size"":1,""tensor_parallel_mode"":""moe_tp"",""tensor_parallel_sizes"":[1]}}",4096,0.375,256.0,256.0,1.0,1.0,0.0,1.0,4.000000000017834,0.0,uniform,2,vllm_fused,cuda_event,7,anchor
