kind,pid,seq,monotonic,engine,wave,step,waiting,running,published,branch,applied_output,queue_occupancy,scheduled_new_req_ids,num_scheduled_tokens
engine_iteration,230,0,2600621.869035304,0,0,0,0,1,True,applied_after_scheduling,True,0,"[""cmpl-dpp1g3-w0-0""]",64
engine_iteration,230,1,2600622.258915875,0,0,1,0,1,False,applied_after_scheduling,True,0,[],1
engine_iteration,230,2,2600622.269827185,0,0,2,0,1,False,applied_after_scheduling,True,0,[],1
engine_iteration,230,3,2600622.280285247,0,0,3,0,0,True,applied_after_scheduling,True,0,[],1
engine_iteration,230,4,2600622.280671437,0,0,4,0,0,False,applied_after_scheduling,True,0,[],0
engine_iteration,230,5,2600622.406781164,0,0,17,0,1,True,applied_after_scheduling,True,0,"[""cmpl-dpp1g3-w1-0""]",64
engine_iteration,230,6,2600622.416991461,0,0,18,0,1,False,applied_after_scheduling,True,0,[],1
engine_iteration,230,7,2600622.427178537,0,0,19,0,1,False,applied_after_scheduling,True,0,[],1
engine_iteration,230,8,2600622.438471509,0,0,20,0,0,True,applied_after_scheduling,True,0,[],1
engine_iteration,230,9,2600622.438798327,0,0,21,0,0,False,applied_after_scheduling,True,0,[],0
engine_iteration,230,10,2600623.405685188,0,1,0,0,1,True,applied_after_scheduling,True,0,"[""cmpl-dpp1g3-w2-0""]",64
engine_iteration,230,11,2600623.41612451,0,1,1,0,1,False,applied_after_scheduling,True,0,[],1
engine_iteration,230,12,2600623.426310993,0,1,2,0,1,False,applied_after_scheduling,True,0,[],1
engine_iteration,230,13,2600623.436572159,0,1,3,0,0,True,applied_after_scheduling,True,0,[],1
engine_iteration,230,14,2600623.436913484,0,1,4,0,0,False,applied_after_scheduling,True,0,[],0
engine_iteration,230,15,2600631.467515412,0,2,0,0,1,True,applied_after_scheduling,True,0,"[""cmpl-dpp1g3-b5-0""]",32
engine_iteration,230,16,2600631.674567746,0,2,1,0,3,True,applied_after_scheduling,True,0,"[""cmpl-dpp1g3-b3-0"", ""cmpl-dpp1g3-b2-0""]",32768
engine_iteration,230,17,2600631.698853632,0,2,2,0,4,True,applied_after_scheduling,True,0,"[""cmpl-dpp1g3-b6-0""]",67
engine_iteration,230,18,2600631.710296958,0,2,3,0,4,False,applied_after_scheduling,True,0,[],4
engine_iteration,230,19,2600631.720699673,0,2,4,0,4,False,applied_after_scheduling,True,0,[],4
engine_iteration,230,20,2600631.731311177,0,2,5,0,4,False,applied_after_scheduling,True,0,[],4
engine_iteration,230,21,2600631.742079694,0,2,6,0,4,False,applied_after_scheduling,True,0,[],4
engine_iteration,230,22,2600631.752544726,0,2,7,0,4,False,applied_after_scheduling,True,0,[],4
engine_iteration,230,23,2600631.762961252,0,2,8,0,4,False,applied_after_scheduling,True,0,[],4
engine_iteration,230,24,2600631.77349851,0,2,9,0,4,False,applied_after_scheduling,True,0,[],4
engine_iteration,230,25,2600631.784044183,0,2,10,0,4,False,applied_after_scheduling,True,0,[],4
engine_iteration,230,26,2600631.794612364,0,2,11,0,4,False,applied_after_scheduling,True,0,[],4
engine_iteration,230,27,2600631.805155986,0,2,12,0,4,False,applied_after_scheduling,True,0,[],4
engine_iteration,230,28,2600631.815643455,0,2,13,0,4,False,applied_after_scheduling,True,0,[],4
engine_iteration,230,29,2600631.826108595,0,2,14,0,4,False,applied_after_scheduling,True,0,[],4
engine_iteration,230,30,2600631.836713636,0,2,15,0,4,False,applied_after_scheduling,True,0,[],4
engine_iteration,230,31,2600631.848233516,0,2,16,0,4,False,applied_after_scheduling,True,0,[],4
engine_iteration,230,32,2600631.858641759,0,2,17,0,4,False,applied_after_scheduling,True,0,[],4
engine_iteration,230,33,2600631.869145218,0,2,18,0,4,False,applied_after_scheduling,True,0,[],4
engine_iteration,230,34,2600631.879625043,0,2,19,0,4,False,applied_after_scheduling,True,0,[],4
engine_iteration,230,35,2600631.890091362,0,2,20,0,4,False,applied_after_scheduling,True,0,[],4
engine_iteration,230,36,2600631.90049945,0,2,21,0,4,False,applied_after_scheduling,True,0,[],4
engine_iteration,230,37,2600631.910980326,0,2,22,0,4,False,applied_after_scheduling,True,0,[],4
engine_iteration,230,38,2600631.921392873,0,2,23,0,4,False,applied_after_scheduling,True,0,[],4
engine_iteration,230,39,2600631.931915949,0,2,24,0,4,False,applied_after_scheduling,True,0,[],4
engine_iteration,230,40,2600631.943142237,0,2,25,0,4,False,applied_after_scheduling,True,0,[],4
engine_iteration,230,41,2600631.953676296,0,2,26,0,4,False,applied_after_scheduling,True,0,[],4
engine_iteration,230,42,2600631.964230475,0,2,27,0,4,False,applied_after_scheduling,True,0,[],4
engine_iteration,230,43,2600631.974713714,0,2,28,0,4,False,applied_after_scheduling,True,0,[],4
engine_iteration,230,44,2600631.985256104,0,2,29,0,4,False,applied_after_scheduling,True,0,[],4
engine_iteration,230,45,2600631.995660925,0,2,30,0,4,False,applied_after_scheduling,True,0,[],4
engine_iteration,230,46,2600632.006173691,0,2,31,0,4,False,applied_after_scheduling,True,0,[],4
engine_iteration,230,47,2600632.016880557,0,2,32,0,4,False,applied_after_scheduling,True,0,[],4
engine_iteration,230,48,2600632.027386193,0,2,33,0,4,False,applied_after_scheduling,True,0,[],4
engine_iteration,230,49,2600632.03784701,0,2,34,0,4,False,applied_after_scheduling,True,0,[],4
engine_iteration,230,50,2600632.049282007,0,2,35,0,4,False,applied_after_scheduling,True,0,[],4
engine_iteration,230,51,2600632.059564673,0,2,36,0,4,False,applied_after_scheduling,True,0,[],4
engine_iteration,230,52,2600632.069990419,0,2,37,0,4,False,applied_after_scheduling,True,0,[],4
engine_iteration,230,53,2600632.080430418,0,2,38,0,4,False,applied_after_scheduling,True,0,[],4
engine_iteration,230,54,2600632.090750915,0,2,39,0,4,False,applied_after_scheduling,True,0,[],4
engine_iteration,230,55,2600632.101104629,0,2,40,0,4,False,applied_after_scheduling,True,0,[],4
engine_iteration,230,56,2600632.111450299,0,2,41,0,4,False,applied_after_scheduling,True,0,[],4
engine_iteration,230,57,2600632.121912178,0,2,42,0,4,False,applied_after_scheduling,True,0,[],4
engine_iteration,230,58,2600632.132335688,0,2,43,0,4,False,applied_after_scheduling,True,0,[],4
engine_iteration,230,59,2600632.142729186,0,2,44,0,4,False,applied_after_scheduling,True,0,[],4
engine_iteration,230,60,2600632.153635799,0,2,45,0,4,False,applied_after_scheduling,True,0,[],4
engine_iteration,230,61,2600632.163927387,0,2,46,0,4,False,applied_after_scheduling,True,0,[],4
engine_iteration,230,62,2600632.174262459,0,2,47,0,4,False,applied_after_scheduling,True,0,[],4
engine_iteration,230,63,2600632.184638074,0,2,48,0,4,False,applied_after_scheduling,True,0,[],4
engine_iteration,230,64,2600632.195055041,0,2,49,0,4,False,applied_after_scheduling,True,0,[],4
engine_iteration,230,65,2600632.205584859,0,2,50,0,4,False,applied_after_scheduling,True,0,[],4
engine_iteration,230,66,2600632.216051222,0,2,51,0,4,False,applied_after_scheduling,True,0,[],4
engine_iteration,230,67,2600632.226426986,0,2,52,0,4,False,applied_after_scheduling,True,0,[],4
engine_iteration,230,68,2600632.236860927,0,2,53,0,4,False,applied_after_scheduling,True,0,[],4
engine_iteration,230,69,2600632.248193074,0,2,54,0,4,False,applied_after_scheduling,True,0,[],4
engine_iteration,230,70,2600632.258525941,0,2,55,0,4,False,applied_after_scheduling,True,0,[],4
engine_iteration,230,71,2600632.268906075,0,2,56,0,4,False,applied_after_scheduling,True,0,[],4
engine_iteration,230,72,2600632.279423018,0,2,57,0,4,False,applied_after_scheduling,True,0,[],4
engine_iteration,230,73,2600632.289794,0,2,58,0,4,False,applied_after_scheduling,True,0,[],4
engine_iteration,230,74,2600632.300230718,0,2,59,0,4,False,applied_after_scheduling,True,0,[],4
engine_iteration,230,75,2600632.310691721,0,2,60,0,4,False,applied_after_scheduling,True,0,[],4
engine_iteration,230,76,2600632.321089652,0,2,61,0,4,False,applied_after_scheduling,True,0,[],4
engine_iteration,230,77,2600632.331448265,0,2,62,0,4,False,applied_after_scheduling,True,0,[],4
engine_iteration,230,78,2600632.341884254,0,2,63,0,3,True,applied_after_scheduling,True,0,[],4
engine_iteration,230,79,2600632.354902243,0,2,64,0,2,True,applied_after_scheduling,True,0,[],3
engine_iteration,230,80,2600632.744099278,0,2,65,0,0,True,applied_after_scheduling,True,0,[],2
engine_iteration,230,81,2600632.744741786,0,2,66,0,0,False,applied_after_scheduling,True,0,[],0
engine_iteration,230,82,2600651.427881403,0,3,0,0,1,True,applied_after_scheduling,True,0,"[""cmpl-dpp1g3-s00-0""]",128
engine_iteration,230,83,2600651.4383387,0,3,1,0,1,False,applied_after_scheduling,True,0,[],1
engine_iteration,230,84,2600651.448426382,0,3,2,0,1,False,applied_after_scheduling,True,0,[],1
engine_iteration,230,85,2600651.458480546,0,3,3,0,1,False,applied_after_scheduling,True,0,[],1
engine_iteration,230,86,2600651.478027523,0,3,4,0,1,False,applied_after_scheduling,True,0,[],1
engine_iteration,230,87,2600651.490789721,0,3,5,0,1,False,applied_after_scheduling,True,0,[],1
engine_iteration,230,88,2600651.501088988,0,3,6,0,1,False,applied_after_scheduling,True,0,[],1
engine_iteration,230,89,2600651.511276169,0,3,7,0,1,False,applied_after_scheduling,True,0,[],1
engine_iteration,230,90,2600651.521510908,0,3,8,0,1,False,applied_after_scheduling,True,0,[],1
engine_iteration,230,91,2600651.540399451,0,3,9,0,1,False,applied_after_scheduling,True,0,[],1
engine_iteration,230,92,2600651.550769267,0,3,10,0,1,False,applied_after_scheduling,True,0,[],1
engine_iteration,230,93,2600651.561073296,0,3,11,0,1,False,applied_after_scheduling,True,0,[],1
engine_iteration,230,94,2600651.571475435,0,3,12,0,1,False,applied_after_scheduling,True,0,[],1
engine_iteration,230,95,2600651.581841486,0,3,13,0,1,False,applied_after_scheduling,True,0,[],1
engine_iteration,230,96,2600651.601880583,0,3,14,0,2,True,applied_after_scheduling,True,0,"[""cmpl-dpp1g3-s03-0""]",1025
engine_iteration,230,97,2600651.612249681,0,3,15,0,2,False,applied_after_scheduling,True,0,[],2
engine_iteration,230,98,2600651.622511437,0,3,16,0,2,False,applied_after_scheduling,True,0,[],2
engine_iteration,230,99,2600651.632890338,0,3,17,0,2,False,applied_after_scheduling,True,0,[],2
engine_iteration,230,100,2600651.650655246,0,3,18,0,3,True,applied_after_scheduling,True,0,"[""cmpl-dpp1g3-s04-0""]",130
engine_iteration,230,101,2600651.661133756,0,3,19,0,3,False,applied_after_scheduling,True,0,[],3
engine_iteration,230,102,2600651.672144615,0,3,20,0,3,False,applied_after_scheduling,True,0,[],3
engine_iteration,230,103,2600651.682379888,0,3,21,0,3,False,applied_after_scheduling,True,0,[],3
engine_iteration,230,104,2600651.69293715,0,3,22,0,3,False,applied_after_scheduling,True,0,[],3
engine_iteration,230,105,2600651.710826692,0,3,23,0,4,True,applied_after_scheduling,True,0,"[""cmpl-dpp1g3-s05-0""]",515
engine_iteration,230,106,2600651.721199842,0,3,24,0,4,False,applied_after_scheduling,True,0,[],4
engine_iteration,230,107,2600651.731486249,0,3,25,0,4,False,applied_after_scheduling,True,0,[],4
engine_iteration,230,108,2600651.741831975,0,3,26,0,4,False,applied_after_scheduling,True,0,[],4
engine_iteration,230,109,2600651.752108226,0,3,27,0,4,False,applied_after_scheduling,True,0,[],4
engine_iteration,230,110,2600651.76747005,0,3,28,0,4,False,applied_after_scheduling,True,0,[],4
engine_iteration,230,111,2600651.778874292,0,3,29,0,4,False,applied_after_scheduling,True,0,[],4
engine_iteration,230,112,2600651.78936184,0,3,30,0,4,False,applied_after_scheduling,True,0,[],4
engine_iteration,230,113,2600651.799676604,0,3,31,0,4,False,applied_after_scheduling,True,0,[],4
engine_iteration,230,114,2600651.810229216,0,3,32,0,4,False,applied_after_scheduling,True,0,[],4
engine_iteration,230,115,2600651.820557365,0,3,33,0,4,False,applied_after_scheduling,True,0,[],4
engine_iteration,230,116,2600651.84084853,0,3,34,0,4,False,applied_after_scheduling,True,0,[],4
engine_iteration,230,117,2600651.852157906,0,3,35,0,4,False,applied_after_scheduling,True,0,[],4
engine_iteration,230,118,2600651.862742127,0,3,36,0,4,False,applied_after_scheduling,True,0,[],4
engine_iteration,230,119,2600651.874058577,0,3,37,0,4,False,applied_after_scheduling,True,0,[],4
engine_iteration,230,120,2600651.888353817,0,3,38,0,5,True,applied_after_scheduling,True,0,"[""cmpl-dpp1g3-s08-0""]",132
engine_iteration,230,121,2600651.899444461,0,3,39,0,5,False,applied_after_scheduling,True,0,[],5
engine_iteration,230,122,2600651.909837622,0,3,40,0,5,False,applied_after_scheduling,True,0,[],5
engine_iteration,230,123,2600651.920161746,0,3,41,0,5,False,applied_after_scheduling,True,0,[],5
engine_iteration,230,124,2600651.930498081,0,3,42,0,5,False,applied_after_scheduling,True,0,[],5
engine_iteration,230,125,2600651.940897413,0,3,43,0,5,False,applied_after_scheduling,True,0,[],5
engine_iteration,230,126,2600651.957786701,0,3,44,0,6,True,applied_after_scheduling,True,0,"[""cmpl-dpp1g3-s09-0""]",517
engine_iteration,230,127,2600651.969524782,0,3,45,0,6,False,applied_after_scheduling,True,0,[],6
engine_iteration,230,128,2600651.979836342,0,3,46,0,6,False,applied_after_scheduling,True,0,[],6
engine_iteration,230,129,2600651.990297432,0,3,47,0,6,False,applied_after_scheduling,True,0,[],6
engine_iteration,230,130,2600652.000788243,0,3,48,0,6,False,applied_after_scheduling,True,0,[],6
engine_iteration,230,131,2600652.01550492,0,3,49,0,6,False,applied_after_scheduling,True,0,[],6
engine_iteration,230,132,2600652.026176479,0,3,50,0,6,False,applied_after_scheduling,True,0,[],6
engine_iteration,230,133,2600652.036581822,0,3,51,0,6,False,applied_after_scheduling,True,0,[],6
engine_iteration,230,134,2600652.047020741,0,3,52,0,6,False,applied_after_scheduling,True,0,[],6
engine_iteration,230,135,2600652.057654816,0,3,53,0,6,False,applied_after_scheduling,True,0,[],6
engine_iteration,230,136,2600652.071942226,0,3,54,0,6,False,applied_after_scheduling,True,0,"[""cmpl-dpp1g3-s11-0""]",1030
engine_iteration,230,137,2600652.082494514,0,3,55,0,6,False,applied_after_scheduling,True,0,[],6
engine_iteration,230,138,2600652.092980623,0,3,56,0,6,False,applied_after_scheduling,True,0,[],6
engine_iteration,230,139,2600652.103394857,0,3,57,0,6,False,applied_after_scheduling,True,0,[],6
engine_iteration,230,140,2600652.114198604,0,3,58,0,6,False,applied_after_scheduling,True,0,[],6
engine_iteration,230,141,2600652.132621194,0,3,59,0,6,False,applied_after_scheduling,True,0,[],6
engine_iteration,230,142,2600652.144108759,0,3,60,0,6,False,applied_after_scheduling,True,0,[],6
engine_iteration,230,143,2600652.15461145,0,3,61,0,5,True,applied_after_scheduling,True,0,[],6
engine_iteration,230,144,2600652.165211444,0,3,62,0,5,False,applied_after_scheduling,True,0,[],5
engine_iteration,230,145,2600652.176403658,0,3,63,0,4,True,applied_after_scheduling,True,0,[],5
engine_iteration,230,146,2600652.19034687,0,3,64,0,5,True,applied_after_scheduling,True,0,"[""cmpl-dpp1g3-s13-0""]",516
engine_iteration,230,147,2600652.200890822,0,3,65,0,5,False,applied_after_scheduling,True,0,[],5
engine_iteration,230,148,2600652.211333703,0,3,66,0,5,False,applied_after_scheduling,True,0,[],5
engine_iteration,230,149,2600652.221756225,0,3,67,0,5,False,applied_after_scheduling,True,0,[],5
engine_iteration,230,150,2600652.232345434,0,3,68,0,5,False,applied_after_scheduling,True,0,[],5
engine_iteration,230,151,2600652.251308191,0,3,69,0,6,True,applied_after_scheduling,True,0,"[""cmpl-dpp1g3-s14-0""]",261
engine_iteration,230,152,2600652.26176952,0,3,70,0,6,False,applied_after_scheduling,True,0,[],6
engine_iteration,230,153,2600652.273374513,0,3,71,0,6,False,applied_after_scheduling,True,0,[],6
engine_iteration,230,154,2600652.283920196,0,3,72,0,6,False,applied_after_scheduling,True,0,[],6
engine_iteration,230,155,2600652.294622221,0,3,73,0,6,False,applied_after_scheduling,True,0,[],6
engine_iteration,230,156,2600652.305377165,0,3,74,0,7,True,applied_after_scheduling,True,0,"[""cmpl-dpp1g3-s15-0""]",1030
engine_iteration,230,157,2600652.316522195,0,3,75,0,6,True,applied_after_scheduling,True,0,[],7
engine_iteration,230,158,2600652.326953714,0,3,76,0,6,False,applied_after_scheduling,True,0,[],6
engine_iteration,230,159,2600652.337388084,0,3,77,0,6,False,applied_after_scheduling,True,0,[],6
engine_iteration,230,160,2600652.347770362,0,3,78,0,6,False,applied_after_scheduling,True,0,[],6
engine_iteration,230,161,2600652.358196157,0,3,79,0,6,False,applied_after_scheduling,True,0,[],6
engine_iteration,230,162,2600652.373330309,0,3,80,0,6,False,applied_after_scheduling,True,0,[],6
engine_iteration,230,163,2600652.384929033,0,3,81,0,5,True,applied_after_scheduling,True,0,[],6
engine_iteration,230,164,2600652.395703633,0,3,82,0,5,False,applied_after_scheduling,True,0,[],5
engine_iteration,230,165,2600652.406234613,0,3,83,0,5,False,applied_after_scheduling,True,0,[],5
engine_iteration,230,166,2600652.416659728,0,3,84,0,5,False,applied_after_scheduling,True,0,[],5
engine_iteration,230,167,2600652.435047971,0,3,85,0,5,False,applied_after_scheduling,True,0,[],5
engine_iteration,230,168,2600652.445645623,0,3,86,0,5,False,applied_after_scheduling,True,0,[],5
engine_iteration,230,169,2600652.456094541,0,3,87,0,5,False,applied_after_scheduling,True,0,[],5
engine_iteration,230,170,2600652.466672747,0,3,88,0,5,False,applied_after_scheduling,True,0,[],5
engine_iteration,230,171,2600652.478159711,0,3,89,0,5,False,applied_after_scheduling,True,0,[],5
engine_iteration,230,172,2600652.48880102,0,3,90,0,6,True,applied_after_scheduling,True,0,"[""cmpl-dpp1g3-s18-0""]",261
engine_iteration,230,173,2600652.499199755,0,3,91,0,6,False,applied_after_scheduling,True,0,[],6
engine_iteration,230,174,2600652.509683311,0,3,92,0,6,False,applied_after_scheduling,True,0,[],6
engine_iteration,230,175,2600652.520151138,0,3,93,0,6,False,applied_after_scheduling,True,0,[],6
engine_iteration,230,176,2600652.530539097,0,3,94,0,6,False,applied_after_scheduling,True,0,[],6
engine_iteration,230,177,2600652.541221929,0,3,95,0,5,True,applied_after_scheduling,True,0,[],6
engine_iteration,230,178,2600652.5550415,0,3,96,0,6,True,applied_after_scheduling,True,0,"[""cmpl-dpp1g3-s19-0""]",1029
engine_iteration,230,179,2600652.565537399,0,3,97,0,6,False,applied_after_scheduling,True,0,[],6
engine_iteration,230,180,2600652.576916222,0,3,98,0,6,False,applied_after_scheduling,True,0,[],6
engine_iteration,230,181,2600652.587284493,0,3,99,0,6,False,applied_after_scheduling,True,0,[],6
engine_iteration,230,182,2600652.597979165,0,3,100,0,6,False,applied_after_scheduling,True,0,[],6
engine_iteration,230,183,2600652.612031499,0,3,101,0,5,True,applied_after_scheduling,True,0,"[""cmpl-dpp1g3-s20-0""]",134
engine_iteration,230,184,2600652.622589159,0,3,102,0,5,False,applied_after_scheduling,True,0,[],5
engine_iteration,230,185,2600652.632994857,0,3,103,0,5,False,applied_after_scheduling,True,0,[],5
engine_iteration,230,186,2600652.643367346,0,3,104,0,5,False,applied_after_scheduling,True,0,[],5
engine_iteration,230,187,2600652.654293762,0,3,105,0,5,False,applied_after_scheduling,True,0,[],5
engine_iteration,230,188,2600652.665093246,0,3,106,0,5,False,applied_after_scheduling,True,0,[],5
engine_iteration,230,189,2600652.676221941,0,3,107,0,5,False,applied_after_scheduling,True,0,[],5
engine_iteration,230,190,2600652.686779577,0,3,108,0,5,False,applied_after_scheduling,True,0,[],5
engine_iteration,230,191,2600652.697222425,0,3,109,0,5,False,applied_after_scheduling,True,0,[],5
engine_iteration,230,192,2600652.707675465,0,3,110,0,5,False,applied_after_scheduling,True,0,[],5
engine_iteration,230,193,2600652.718188679,0,3,111,0,5,False,applied_after_scheduling,True,0,[],5
engine_iteration,230,194,2600652.72874885,0,3,112,0,6,True,applied_after_scheduling,True,0,"[""cmpl-dpp1g3-s22-0""]",261
engine_iteration,230,195,2600652.739232262,0,3,113,0,6,False,applied_after_scheduling,True,0,[],6
engine_iteration,230,196,2600652.749571203,0,3,114,0,6,False,applied_after_scheduling,True,0,[],6
engine_iteration,230,197,2600652.760007128,0,3,115,0,6,False,applied_after_scheduling,True,0,[],6
engine_iteration,230,198,2600652.770403332,0,3,116,0,6,False,applied_after_scheduling,True,0,[],6
engine_iteration,230,199,2600652.781810865,0,3,117,0,6,False,applied_after_scheduling,True,0,[],6
engine_iteration,230,200,2600652.795644953,0,3,118,0,6,False,applied_after_scheduling,True,0,[],6
engine_iteration,230,201,2600652.806028153,0,3,119,0,6,False,applied_after_scheduling,True,0,[],6
engine_iteration,230,202,2600652.81638453,0,3,120,0,6,False,applied_after_scheduling,True,0,[],6
engine_iteration,230,203,2600652.826820726,0,3,121,0,5,True,applied_after_scheduling,True,0,[],6
engine_iteration,230,204,2600652.83724055,0,3,122,0,5,False,applied_after_scheduling,True,0,[],5
engine_iteration,230,205,2600652.847906258,0,3,123,0,5,False,applied_after_scheduling,True,0,[],5
engine_iteration,230,206,2600652.858482582,0,3,124,0,5,False,applied_after_scheduling,True,0,[],5
engine_iteration,230,207,2600652.868882021,0,3,125,0,5,False,applied_after_scheduling,True,0,[],5
engine_iteration,230,208,2600652.880190879,0,3,126,0,5,False,applied_after_scheduling,True,0,[],5
engine_iteration,230,209,2600652.890453207,0,3,127,0,5,False,applied_after_scheduling,True,0,[],5
engine_iteration,230,210,2600652.900900511,0,3,128,0,5,False,applied_after_scheduling,True,0,[],5
engine_iteration,230,211,2600652.911255302,0,3,129,0,5,False,applied_after_scheduling,True,0,[],5
engine_iteration,230,212,2600652.921496265,0,3,130,0,5,False,applied_after_scheduling,True,0,[],5
engine_iteration,230,213,2600652.93175158,0,3,131,0,5,False,applied_after_scheduling,True,0,[],5
engine_iteration,230,214,2600652.941953016,0,3,132,0,5,False,applied_after_scheduling,True,0,[],5
engine_iteration,230,215,2600652.952257147,0,3,133,0,5,False,applied_after_scheduling,True,0,[],5
engine_iteration,230,216,2600652.962465834,0,3,134,0,5,False,applied_after_scheduling,True,0,[],5
engine_iteration,230,217,2600652.972682811,0,3,135,0,5,False,applied_after_scheduling,True,0,[],5
engine_iteration,230,218,2600652.983799878,0,3,136,0,5,False,applied_after_scheduling,True,0,[],5
engine_iteration,230,219,2600652.994128325,0,3,137,0,5,False,applied_after_scheduling,True,0,[],5
engine_iteration,230,220,2600653.004557242,0,3,138,0,5,False,applied_after_scheduling,True,0,[],5
engine_iteration,230,221,2600653.014833543,0,3,139,0,5,False,applied_after_scheduling,True,0,[],5
engine_iteration,230,222,2600653.02503198,0,3,140,0,5,False,applied_after_scheduling,True,0,[],5
engine_iteration,230,223,2600653.035318258,0,3,141,0,5,False,applied_after_scheduling,True,0,[],5
engine_iteration,230,224,2600653.045515703,0,3,142,0,5,False,applied_after_scheduling,True,0,[],5
engine_iteration,230,225,2600653.055822159,0,3,143,0,4,True,applied_after_scheduling,True,0,[],5
engine_iteration,230,226,2600653.06625938,0,3,144,0,4,False,applied_after_scheduling,True,0,[],4
engine_iteration,230,227,2600653.076599852,0,3,145,0,4,False,applied_after_scheduling,True,0,[],4
engine_iteration,230,228,2600653.086984439,0,3,146,0,4,False,applied_after_scheduling,True,0,[],4
engine_iteration,230,229,2600653.09711972,0,3,147,0,4,False,applied_after_scheduling,True,0,[],4
engine_iteration,230,230,2600653.107459884,0,3,148,0,4,False,applied_after_scheduling,True,0,[],4
engine_iteration,230,231,2600653.117670914,0,3,149,0,4,False,applied_after_scheduling,True,0,[],4
engine_iteration,230,232,2600653.127848003,0,3,150,0,4,False,applied_after_scheduling,True,0,[],4
engine_iteration,230,233,2600653.138037787,0,3,151,0,4,False,applied_after_scheduling,True,0,[],4
engine_iteration,230,234,2600653.148169644,0,3,152,0,4,False,applied_after_scheduling,True,0,[],4
engine_iteration,230,235,2600653.158384982,0,3,153,0,4,False,applied_after_scheduling,True,0,[],4
engine_iteration,230,236,2600653.168613564,0,3,154,0,4,False,applied_after_scheduling,True,0,[],4
engine_iteration,230,237,2600653.179281991,0,3,155,0,4,False,applied_after_scheduling,True,0,[],4
engine_iteration,230,238,2600653.18967,0,3,156,0,4,False,applied_after_scheduling,True,0,[],4
engine_iteration,230,239,2600653.199795081,0,3,157,0,4,False,applied_after_scheduling,True,0,[],4
engine_iteration,230,240,2600653.210020903,0,3,158,0,4,False,applied_after_scheduling,True,0,[],4
engine_iteration,230,241,2600653.220217003,0,3,159,0,4,False,applied_after_scheduling,True,0,[],4
engine_iteration,230,242,2600653.230666097,0,3,160,0,4,False,applied_after_scheduling,True,0,[],4
engine_iteration,230,243,2600653.240971171,0,3,161,0,4,False,applied_after_scheduling,True,0,[],4
engine_iteration,230,244,2600653.251263099,0,3,162,0,4,False,applied_after_scheduling,True,0,[],4
engine_iteration,230,245,2600653.261528287,0,3,163,0,4,False,applied_after_scheduling,True,0,[],4
engine_iteration,230,246,2600653.271972345,0,3,164,0,2,True,applied_after_scheduling,True,0,[],4
engine_iteration,230,247,2600653.282715048,0,3,165,0,2,False,applied_after_scheduling,True,0,[],2
engine_iteration,230,248,2600653.293050567,0,3,166,0,2,False,applied_after_scheduling,True,0,[],2
engine_iteration,230,249,2600653.303327693,0,3,167,0,2,False,applied_after_scheduling,True,0,[],2
engine_iteration,230,250,2600653.313619701,0,3,168,0,2,False,applied_after_scheduling,True,0,[],2
engine_iteration,230,251,2600653.323881476,0,3,169,0,2,False,applied_after_scheduling,True,0,[],2
engine_iteration,230,252,2600653.33411729,0,3,170,0,2,False,applied_after_scheduling,True,0,[],2
engine_iteration,230,253,2600653.344388425,0,3,171,0,2,False,applied_after_scheduling,True,0,[],2
engine_iteration,230,254,2600653.354656523,0,3,172,0,2,False,applied_after_scheduling,True,0,[],2
engine_iteration,230,255,2600653.36500701,0,3,173,0,2,False,applied_after_scheduling,True,0,[],2
engine_iteration,230,256,2600653.375256543,0,3,174,0,2,False,applied_after_scheduling,True,0,[],2
engine_iteration,230,257,2600653.386082684,0,3,175,0,2,False,applied_after_scheduling,True,0,[],2
engine_iteration,230,258,2600653.396302858,0,3,176,0,2,False,applied_after_scheduling,True,0,[],2
engine_iteration,230,259,2600653.406695927,0,3,177,0,2,False,applied_after_scheduling,True,0,[],2
engine_iteration,230,260,2600653.417012053,0,3,178,0,2,False,applied_after_scheduling,True,0,[],2
engine_iteration,230,261,2600653.427254478,0,3,179,0,2,False,applied_after_scheduling,True,0,[],2
engine_iteration,230,262,2600653.437541725,0,3,180,0,2,False,applied_after_scheduling,True,0,[],2
engine_iteration,230,263,2600653.447830525,0,3,181,0,2,False,applied_after_scheduling,True,0,[],2
engine_iteration,230,264,2600653.45813445,0,3,182,0,2,False,applied_after_scheduling,True,0,[],2
engine_iteration,230,265,2600653.468268745,0,3,183,0,2,False,applied_after_scheduling,True,0,[],2
engine_iteration,230,266,2600653.47861186,0,3,184,0,2,False,applied_after_scheduling,True,0,[],2
engine_iteration,230,267,2600653.489410768,0,3,185,0,1,True,applied_after_scheduling,True,0,[],2
engine_iteration,230,268,2600653.499536182,0,3,186,0,1,False,applied_after_scheduling,True,0,[],1
engine_iteration,230,269,2600653.509520653,0,3,187,0,1,False,applied_after_scheduling,True,0,[],1
engine_iteration,230,270,2600653.519557335,0,3,188,0,1,False,applied_after_scheduling,True,0,[],1
engine_iteration,230,271,2600653.5298873,0,3,189,0,1,False,applied_after_scheduling,True,0,[],1
engine_iteration,230,272,2600653.540074658,0,3,190,0,1,False,applied_after_scheduling,True,0,[],1
engine_iteration,230,273,2600653.550088177,0,3,191,0,1,False,applied_after_scheduling,True,0,[],1
engine_iteration,230,274,2600653.560325173,0,3,192,0,1,False,applied_after_scheduling,True,0,[],1
engine_iteration,230,275,2600653.570390148,0,3,193,0,1,False,applied_after_scheduling,True,0,[],1
engine_iteration,230,276,2600653.580373279,0,3,194,0,1,False,applied_after_scheduling,True,0,[],1
engine_iteration,230,277,2600653.591376938,0,3,195,0,1,False,applied_after_scheduling,True,0,[],1
engine_iteration,230,278,2600653.601430306,0,3,196,0,1,False,applied_after_scheduling,True,0,[],1
engine_iteration,230,279,2600653.611500298,0,3,197,0,1,False,applied_after_scheduling,True,0,[],1
engine_iteration,230,280,2600653.621492471,0,3,198,0,1,False,applied_after_scheduling,True,0,[],1
engine_iteration,230,281,2600653.631517392,0,3,199,0,1,False,applied_after_scheduling,True,0,[],1
engine_iteration,230,282,2600653.641509575,0,3,200,0,1,False,applied_after_scheduling,True,0,[],1
engine_iteration,230,283,2600653.651554983,0,3,201,0,1,False,applied_after_scheduling,True,0,[],1
engine_iteration,230,284,2600653.661589569,0,3,202,0,1,False,applied_after_scheduling,True,0,[],1
engine_iteration,230,285,2600653.671597899,0,3,203,0,1,False,applied_after_scheduling,True,0,[],1
engine_iteration,230,286,2600653.681601692,0,3,204,0,1,False,applied_after_scheduling,True,0,[],1
engine_iteration,230,287,2600653.692502348,0,3,205,0,1,False,applied_after_scheduling,True,0,[],1
engine_iteration,230,288,2600653.702526044,0,3,206,0,1,False,applied_after_scheduling,True,0,[],1
engine_iteration,230,289,2600653.712565438,0,3,207,0,0,True,applied_after_scheduling,True,0,[],1
engine_iteration,230,290,2600653.712819015,0,3,208,0,0,False,applied_after_scheduling,True,0,[],0
engine_iteration,230,291,2600660.795838035,0,4,0,0,1,True,applied_after_scheduling,True,0,"[""cmpl-dpp1g3-z0-0""]",1024
engine_iteration,230,292,2600660.806790907,0,4,1,0,1,False,applied_after_scheduling,True,0,[],1
engine_iteration,230,293,2600660.817235434,0,4,2,0,1,False,applied_after_scheduling,True,0,[],1
engine_iteration,230,294,2600660.82762502,0,4,3,0,1,False,applied_after_scheduling,True,0,[],1
engine_iteration,230,295,2600660.837929983,0,4,4,0,1,False,applied_after_scheduling,True,0,[],1
engine_iteration,230,296,2600660.848020398,0,4,5,0,1,False,applied_after_scheduling,True,0,[],1
engine_iteration,230,297,2600660.858573227,0,4,6,0,1,False,applied_after_scheduling,True,0,[],1
engine_iteration,230,298,2600660.869115722,0,4,7,0,0,True,applied_after_scheduling,True,0,[],1
engine_iteration,230,299,2600660.869416686,0,4,8,0,0,False,applied_after_scheduling,True,0,[],0
engine_iteration,230,300,2600664.795420287,0,5,0,0,1,True,applied_after_scheduling,True,0,"[""cmpl-dpp1g3-z1-0""]",4096
engine_iteration,230,301,2600664.806080339,0,5,1,0,1,False,applied_after_scheduling,True,0,[],1
engine_iteration,230,302,2600664.816303702,0,5,2,0,1,False,applied_after_scheduling,True,0,[],1
engine_iteration,230,303,2600664.826455335,0,5,3,0,1,False,applied_after_scheduling,True,0,[],1
engine_iteration,230,304,2600664.836730324,0,5,4,0,1,False,applied_after_scheduling,True,0,[],1
engine_iteration,230,305,2600664.846827309,0,5,5,0,1,False,applied_after_scheduling,True,0,[],1
engine_iteration,230,306,2600664.857100211,0,5,6,0,1,False,applied_after_scheduling,True,0,[],1
engine_iteration,230,307,2600664.867281206,0,5,7,0,0,True,applied_after_scheduling,True,0,[],1
engine_iteration,230,308,2600664.867572042,0,5,8,0,0,False,applied_after_scheduling,True,0,[],0
engine_iteration,230,309,2600668.812066944,0,6,0,0,1,True,applied_after_scheduling,True,0,"[""cmpl-dpp1g3-z2-0""]",8192
engine_iteration,230,310,2600668.822721387,0,6,1,0,1,False,applied_after_scheduling,True,0,[],1
engine_iteration,230,311,2600668.833011484,0,6,2,0,1,False,applied_after_scheduling,True,0,[],1
engine_iteration,230,312,2600668.843262915,0,6,3,0,1,False,applied_after_scheduling,True,0,[],1
engine_iteration,230,313,2600668.853541083,0,6,4,0,1,False,applied_after_scheduling,True,0,[],1
engine_iteration,230,314,2600668.863753509,0,6,5,0,1,False,applied_after_scheduling,True,0,[],1
engine_iteration,230,315,2600668.873988491,0,6,6,0,1,False,applied_after_scheduling,True,0,[],1
engine_iteration,230,316,2600668.8843869,0,6,7,0,0,True,applied_after_scheduling,True,0,[],1
engine_iteration,230,317,2600668.884679521,0,6,8,0,0,False,applied_after_scheduling,True,0,[],0
engine_iteration,230,318,2600672.855588677,0,7,0,0,1,True,applied_after_scheduling,True,0,"[""cmpl-dpp1g3-z3-0""]",16384
engine_iteration,230,319,2600672.866061988,0,7,1,0,1,False,applied_after_scheduling,True,0,[],1
engine_iteration,230,320,2600672.876247951,0,7,2,0,1,False,applied_after_scheduling,True,0,[],1
engine_iteration,230,321,2600672.886305286,0,7,3,0,1,False,applied_after_scheduling,True,0,[],1
engine_iteration,230,322,2600672.896284017,0,7,4,0,1,False,applied_after_scheduling,True,0,[],1
engine_iteration,230,323,2600672.906271761,0,7,5,0,1,False,applied_after_scheduling,True,0,[],1
engine_iteration,230,324,2600672.916915061,0,7,6,0,1,False,applied_after_scheduling,True,0,[],1
engine_iteration,230,325,2600672.927067261,0,7,7,0,0,True,applied_after_scheduling,True,0,[],1
engine_iteration,230,326,2600672.927454416,0,7,8,0,0,False,applied_after_scheduling,True,0,[],0
engine_iteration,230,327,2600677.332578596,0,8,0,0,1,True,applied_after_scheduling,True,0,"[""cmpl-dpp1g3-z4-0""]",32768
engine_iteration,230,328,2600677.343409232,0,8,1,0,1,False,applied_after_scheduling,True,0,[],1
engine_iteration,230,329,2600677.353601557,0,8,2,0,1,False,applied_after_scheduling,True,0,[],1
engine_iteration,230,330,2600677.363782809,0,8,3,0,1,False,applied_after_scheduling,True,0,[],1
engine_iteration,230,331,2600677.373950561,0,8,4,0,1,False,applied_after_scheduling,True,0,[],1
engine_iteration,230,332,2600677.384155541,0,8,5,0,1,False,applied_after_scheduling,True,0,[],1
engine_iteration,230,333,2600677.394299091,0,8,6,0,1,False,applied_after_scheduling,True,0,[],1
engine_iteration,230,334,2600677.404814633,0,8,7,0,0,True,applied_after_scheduling,True,0,[],1
engine_iteration,230,335,2600677.405344001,0,8,8,0,0,False,applied_after_scheduling,True,0,[],0
engine_iteration,231,0,2600631.470290236,1,2,0,0,1,True,applied_after_scheduling,True,0,"[""cmpl-dpp1g3-b4-0""]",32
engine_iteration,231,1,2600631.674475044,1,2,1,0,2,True,applied_after_scheduling,True,0,"[""cmpl-dpp1g3-b1-0""]",33
engine_iteration,231,2,2600631.69839423,1,2,2,0,2,False,applied_after_scheduling,True,0,[],2
engine_iteration,231,3,2600631.710167559,1,2,3,0,2,False,applied_after_scheduling,True,0,[],2
engine_iteration,231,4,2600631.72080049,1,2,4,0,2,False,applied_after_scheduling,True,0,[],2
engine_iteration,231,5,2600631.731436932,1,2,5,0,2,False,applied_after_scheduling,True,0,[],2
engine_iteration,231,6,2600631.742224718,1,2,6,0,2,False,applied_after_scheduling,True,0,[],2
engine_iteration,231,7,2600631.752658609,1,2,7,0,2,False,applied_after_scheduling,True,0,[],2
engine_iteration,231,8,2600631.763083784,1,2,8,0,2,False,applied_after_scheduling,True,0,[],2
engine_iteration,231,9,2600631.773619441,1,2,9,0,2,False,applied_after_scheduling,True,0,[],2
engine_iteration,231,10,2600631.784197724,1,2,10,0,2,False,applied_after_scheduling,True,0,[],2
engine_iteration,231,11,2600631.794730589,1,2,11,0,2,False,applied_after_scheduling,True,0,[],2
engine_iteration,231,12,2600631.805279219,1,2,12,0,2,False,applied_after_scheduling,True,0,[],2
engine_iteration,231,13,2600631.815770136,1,2,13,0,2,False,applied_after_scheduling,True,0,[],2
engine_iteration,231,14,2600631.826228804,1,2,14,0,2,False,applied_after_scheduling,True,0,[],2
engine_iteration,231,15,2600631.836836128,1,2,15,0,2,False,applied_after_scheduling,True,0,[],2
engine_iteration,231,16,2600631.848102688,1,2,16,0,2,False,applied_after_scheduling,True,0,[],2
engine_iteration,231,17,2600631.85876277,1,2,17,0,2,False,applied_after_scheduling,True,0,[],2
engine_iteration,231,18,2600631.869265655,1,2,18,0,2,False,applied_after_scheduling,True,0,[],2
engine_iteration,231,19,2600631.879752681,1,2,19,0,2,False,applied_after_scheduling,True,0,[],2
engine_iteration,231,20,2600631.890211353,1,2,20,0,2,False,applied_after_scheduling,True,0,[],2
engine_iteration,231,21,2600631.900618862,1,2,21,0,2,False,applied_after_scheduling,True,0,[],2
engine_iteration,231,22,2600631.911107935,1,2,22,0,2,False,applied_after_scheduling,True,0,[],2
engine_iteration,231,23,2600631.921518557,1,2,23,0,2,False,applied_after_scheduling,True,0,[],2
engine_iteration,231,24,2600631.932047184,1,2,24,0,2,False,applied_after_scheduling,True,0,[],2
engine_iteration,231,25,2600631.943299614,1,2,25,0,2,False,applied_after_scheduling,True,0,[],2
engine_iteration,231,26,2600631.953795609,1,2,26,0,2,False,applied_after_scheduling,True,0,[],2
engine_iteration,231,27,2600631.964343572,1,2,27,0,2,False,applied_after_scheduling,True,0,[],2
engine_iteration,231,28,2600631.974836464,1,2,28,0,2,False,applied_after_scheduling,True,0,[],2
engine_iteration,231,29,2600631.98538346,1,2,29,0,2,False,applied_after_scheduling,True,0,[],2
engine_iteration,231,30,2600631.995780678,1,2,30,0,2,False,applied_after_scheduling,True,0,[],2
engine_iteration,231,31,2600632.00629525,1,2,31,0,2,False,applied_after_scheduling,True,0,[],2
engine_iteration,231,32,2600632.016999481,1,2,32,0,2,False,applied_after_scheduling,True,0,[],2
engine_iteration,231,33,2600632.027503653,1,2,33,0,2,False,applied_after_scheduling,True,0,[],2
engine_iteration,231,34,2600632.037965603,1,2,34,0,2,False,applied_after_scheduling,True,0,[],2
engine_iteration,231,35,2600632.049147636,1,2,35,0,2,False,applied_after_scheduling,True,0,[],2
engine_iteration,231,36,2600632.059687757,1,2,36,0,2,False,applied_after_scheduling,True,0,[],2
engine_iteration,231,37,2600632.070120528,1,2,37,0,2,False,applied_after_scheduling,True,0,[],2
engine_iteration,231,38,2600632.080567987,1,2,38,0,2,False,applied_after_scheduling,True,0,[],2
engine_iteration,231,39,2600632.090863389,1,2,39,0,2,False,applied_after_scheduling,True,0,[],2
engine_iteration,231,40,2600632.10118731,1,2,40,0,2,False,applied_after_scheduling,True,0,[],2
engine_iteration,231,41,2600632.111572913,1,2,41,0,2,False,applied_after_scheduling,True,0,[],2
engine_iteration,231,42,2600632.122040775,1,2,42,0,2,False,applied_after_scheduling,True,0,[],2
engine_iteration,231,43,2600632.132471282,1,2,43,0,2,False,applied_after_scheduling,True,0,[],2
engine_iteration,231,44,2600632.142848054,1,2,44,0,2,False,applied_after_scheduling,True,0,[],2
engine_iteration,231,45,2600632.153588649,1,2,45,0,2,False,applied_after_scheduling,True,0,[],2
engine_iteration,231,46,2600632.164062268,1,2,46,0,2,False,applied_after_scheduling,True,0,[],2
engine_iteration,231,47,2600632.174386343,1,2,47,0,2,False,applied_after_scheduling,True,0,[],2
engine_iteration,231,48,2600632.184774397,1,2,48,0,2,False,applied_after_scheduling,True,0,[],2
engine_iteration,231,49,2600632.195196177,1,2,49,0,2,False,applied_after_scheduling,True,0,[],2
engine_iteration,231,50,2600632.205713015,1,2,50,0,2,False,applied_after_scheduling,True,0,[],2
engine_iteration,231,51,2600632.21617443,1,2,51,0,2,False,applied_after_scheduling,True,0,[],2
engine_iteration,231,52,2600632.226539085,1,2,52,0,2,False,applied_after_scheduling,True,0,[],2
engine_iteration,231,53,2600632.236997686,1,2,53,0,2,False,applied_after_scheduling,True,0,[],2
engine_iteration,231,54,2600632.248061544,1,2,54,0,2,False,applied_after_scheduling,True,0,[],2
engine_iteration,231,55,2600632.258643934,1,2,55,0,2,False,applied_after_scheduling,True,0,[],2
engine_iteration,231,56,2600632.269043634,1,2,56,0,2,False,applied_after_scheduling,True,0,[],2
engine_iteration,231,57,2600632.27954269,1,2,57,0,2,False,applied_after_scheduling,True,0,[],2
engine_iteration,231,58,2600632.289918411,1,2,58,0,2,False,applied_after_scheduling,True,0,[],2
engine_iteration,231,59,2600632.300345583,1,2,59,0,2,False,applied_after_scheduling,True,0,[],2
engine_iteration,231,60,2600632.310808866,1,2,60,0,2,False,applied_after_scheduling,True,0,[],2
engine_iteration,231,61,2600632.321204531,1,2,61,0,2,False,applied_after_scheduling,True,0,[],2
engine_iteration,231,62,2600632.33157552,1,2,62,0,2,False,applied_after_scheduling,True,0,[],2
engine_iteration,231,63,2600632.342007224,1,2,63,0,1,True,applied_after_scheduling,True,0,[],2
engine_iteration,231,64,2600632.354745936,1,2,64,0,0,True,applied_after_scheduling,True,0,[],1
engine_iteration,231,65,2600632.355140377,1,2,65,0,0,False,applied_after_scheduling,True,0,[],0
engine_iteration,231,66,2600651.47818199,1,3,4,0,1,True,applied_after_scheduling,True,0,"[""cmpl-dpp1g3-s01-0""]",512
engine_iteration,231,67,2600651.490915557,1,3,5,0,1,False,applied_after_scheduling,True,0,[],1
engine_iteration,231,68,2600651.501134074,1,3,6,0,1,False,applied_after_scheduling,True,0,[],1
engine_iteration,231,69,2600651.511301728,1,3,7,0,1,False,applied_after_scheduling,True,0,[],1
engine_iteration,231,70,2600651.521475858,1,3,8,0,1,False,applied_after_scheduling,True,0,[],1
engine_iteration,231,71,2600651.540532881,1,3,9,0,2,True,applied_after_scheduling,True,0,"[""cmpl-dpp1g3-s02-0""]",257
engine_iteration,231,72,2600651.550897334,1,3,10,0,2,False,applied_after_scheduling,True,0,[],2
engine_iteration,231,73,2600651.561197137,1,3,11,0,2,False,applied_after_scheduling,True,0,[],2
engine_iteration,231,74,2600651.571596116,1,3,12,0,2,False,applied_after_scheduling,True,0,[],2
engine_iteration,231,75,2600651.581967015,1,3,13,0,2,False,applied_after_scheduling,True,0,[],2
engine_iteration,231,76,2600651.601832753,1,3,14,0,2,False,applied_after_scheduling,True,0,[],2
engine_iteration,231,77,2600651.612151144,1,3,15,0,2,False,applied_after_scheduling,True,0,[],2
engine_iteration,231,78,2600651.622451041,1,3,16,0,2,False,applied_after_scheduling,True,0,[],2
engine_iteration,231,79,2600651.632824337,1,3,17,0,2,False,applied_after_scheduling,True,0,[],2
engine_iteration,231,80,2600651.650507269,1,3,18,0,2,False,applied_after_scheduling,True,0,[],2
engine_iteration,231,81,2600651.661001168,1,3,19,0,2,False,applied_after_scheduling,True,0,[],2
engine_iteration,231,82,2600651.672082354,1,3,20,0,2,False,applied_after_scheduling,True,0,[],2
engine_iteration,231,83,2600651.68247544,1,3,21,0,2,False,applied_after_scheduling,True,0,[],2
engine_iteration,231,84,2600651.692788609,1,3,22,0,2,False,applied_after_scheduling,True,0,[],2
engine_iteration,231,85,2600651.710701383,1,3,23,0,2,False,applied_after_scheduling,True,0,[],2
engine_iteration,231,86,2600651.721120281,1,3,24,0,2,False,applied_after_scheduling,True,0,[],2
engine_iteration,231,87,2600651.731467617,1,3,25,0,2,False,applied_after_scheduling,True,0,[],2
engine_iteration,231,88,2600651.741799991,1,3,26,0,2,False,applied_after_scheduling,True,0,[],2
engine_iteration,231,89,2600651.752211296,1,3,27,0,2,False,applied_after_scheduling,True,0,[],2
engine_iteration,231,90,2600651.767759569,1,3,28,0,3,True,applied_after_scheduling,True,0,"[""cmpl-dpp1g3-s06-0""]",258
engine_iteration,231,91,2600651.779024865,1,3,29,0,3,False,applied_after_scheduling,True,0,[],3
engine_iteration,231,92,2600651.789332574,1,3,30,0,3,False,applied_after_scheduling,True,0,[],3
engine_iteration,231,93,2600651.799643568,1,3,31,0,3,False,applied_after_scheduling,True,0,[],3
engine_iteration,231,94,2600651.810255306,1,3,32,0,3,False,applied_after_scheduling,True,0,[],3
engine_iteration,231,95,2600651.820681517,1,3,33,0,3,False,applied_after_scheduling,True,0,[],3
engine_iteration,231,96,2600651.841067607,1,3,34,0,4,True,applied_after_scheduling,True,0,"[""cmpl-dpp1g3-s07-0""]",1027
engine_iteration,231,97,2600651.852317385,1,3,35,0,3,True,applied_after_scheduling,True,0,[],4
engine_iteration,231,98,2600651.862763596,1,3,36,0,3,False,applied_after_scheduling,True,0,[],3
engine_iteration,231,99,2600651.873960976,1,3,37,0,3,False,applied_after_scheduling,True,0,[],3
engine_iteration,231,100,2600651.888006208,1,3,38,0,3,False,applied_after_scheduling,True,0,[],3
engine_iteration,231,101,2600651.899301589,1,3,39,0,3,False,applied_after_scheduling,True,0,[],3
engine_iteration,231,102,2600651.909830089,1,3,40,0,3,False,applied_after_scheduling,True,0,[],3
engine_iteration,231,103,2600651.920231312,1,3,41,0,3,False,applied_after_scheduling,True,0,[],3
engine_iteration,231,104,2600651.930532434,1,3,42,0,3,False,applied_after_scheduling,True,0,[],3
engine_iteration,231,105,2600651.940934454,1,3,43,0,3,False,applied_after_scheduling,True,0,[],3
engine_iteration,231,106,2600651.957444502,1,3,44,0,3,False,applied_after_scheduling,True,0,[],3
engine_iteration,231,107,2600651.969364678,1,3,45,0,3,False,applied_after_scheduling,True,0,[],3
engine_iteration,231,108,2600651.97995426,1,3,46,0,3,False,applied_after_scheduling,True,0,[],3
engine_iteration,231,109,2600651.990367284,1,3,47,0,3,False,applied_after_scheduling,True,0,[],3
engine_iteration,231,110,2600652.000830994,1,3,48,0,3,False,applied_after_scheduling,True,0,[],3
engine_iteration,231,111,2600652.015613222,1,3,49,0,4,True,applied_after_scheduling,True,0,"[""cmpl-dpp1g3-s10-0""]",259
engine_iteration,231,112,2600652.026144328,1,3,50,0,4,False,applied_after_scheduling,True,0,[],4
engine_iteration,231,113,2600652.036654484,1,3,51,0,4,False,applied_after_scheduling,True,0,[],4
engine_iteration,231,114,2600652.047102704,1,3,52,0,4,False,applied_after_scheduling,True,0,[],4
engine_iteration,231,115,2600652.057505679,1,3,53,0,4,False,applied_after_scheduling,True,0,[],4
engine_iteration,231,116,2600652.07166132,1,3,54,0,4,False,applied_after_scheduling,True,0,[],4
engine_iteration,231,117,2600652.082601854,1,3,55,0,4,False,applied_after_scheduling,True,0,[],4
engine_iteration,231,118,2600652.093058814,1,3,56,0,4,False,applied_after_scheduling,True,0,[],4
engine_iteration,231,119,2600652.103488082,1,3,57,0,4,False,applied_after_scheduling,True,0,[],4
engine_iteration,231,120,2600652.11407105,1,3,58,0,4,False,applied_after_scheduling,True,0,[],4
engine_iteration,231,121,2600652.132930599,1,3,59,0,5,True,applied_after_scheduling,True,0,"[""cmpl-dpp1g3-s12-0""]",132
engine_iteration,231,122,2600652.144226549,1,3,60,0,5,False,applied_after_scheduling,True,0,[],5
engine_iteration,231,123,2600652.154655996,1,3,61,0,5,False,applied_after_scheduling,True,0,[],5
engine_iteration,231,124,2600652.165207127,1,3,62,0,5,False,applied_after_scheduling,True,0,[],5
engine_iteration,231,125,2600652.176221915,1,3,63,0,5,False,applied_after_scheduling,True,0,[],5
engine_iteration,231,126,2600652.190469358,1,3,64,0,5,False,applied_after_scheduling,True,0,[],5
engine_iteration,231,127,2600652.200957722,1,3,65,0,5,False,applied_after_scheduling,True,0,[],5
engine_iteration,231,128,2600652.21141323,1,3,66,0,5,False,applied_after_scheduling,True,0,[],5
engine_iteration,231,129,2600652.221772018,1,3,67,0,5,False,applied_after_scheduling,True,0,[],5
engine_iteration,231,130,2600652.232178696,1,3,68,0,5,False,applied_after_scheduling,True,0,[],5
engine_iteration,231,131,2600652.251184231,1,3,69,0,5,False,applied_after_scheduling,True,0,[],5
engine_iteration,231,132,2600652.261820746,1,3,70,0,5,False,applied_after_scheduling,True,0,[],5
engine_iteration,231,133,2600652.273498339,1,3,71,0,5,False,applied_after_scheduling,True,0,[],5
engine_iteration,231,134,2600652.28403894,1,3,72,0,5,False,applied_after_scheduling,True,0,[],5
engine_iteration,231,135,2600652.294461882,1,3,73,0,5,False,applied_after_scheduling,True,0,[],5
engine_iteration,231,136,2600652.305354488,1,3,74,0,5,False,applied_after_scheduling,True,0,[],5
engine_iteration,231,137,2600652.316327508,1,3,75,0,5,False,applied_after_scheduling,True,0,[],5
engine_iteration,231,138,2600652.326982469,1,3,76,0,5,False,applied_after_scheduling,True,0,[],5
engine_iteration,231,139,2600652.337293209,1,3,77,0,5,False,applied_after_scheduling,True,0,[],5
engine_iteration,231,140,2600652.347741119,1,3,78,0,5,False,applied_after_scheduling,True,0,[],5
engine_iteration,231,141,2600652.358287545,1,3,79,0,5,False,applied_after_scheduling,True,0,[],5
engine_iteration,231,142,2600652.37361452,1,3,80,0,6,True,applied_after_scheduling,True,0,"[""cmpl-dpp1g3-s16-0""]",133
engine_iteration,231,143,2600652.385093947,1,3,81,0,5,True,applied_after_scheduling,True,0,[],6
engine_iteration,231,144,2600652.395802343,1,3,82,0,5,False,applied_after_scheduling,True,0,[],5
engine_iteration,231,145,2600652.406256113,1,3,83,0,5,False,applied_after_scheduling,True,0,[],5
engine_iteration,231,146,2600652.416779657,1,3,84,0,5,False,applied_after_scheduling,True,0,[],5
engine_iteration,231,147,2600652.435142911,1,3,85,0,6,True,applied_after_scheduling,True,0,"[""cmpl-dpp1g3-s17-0""]",517
engine_iteration,231,148,2600652.445738818,1,3,86,0,6,False,applied_after_scheduling,True,0,[],6
engine_iteration,231,149,2600652.456217935,1,3,87,0,6,False,applied_after_scheduling,True,0,[],6
engine_iteration,231,150,2600652.466682471,1,3,88,0,6,False,applied_after_scheduling,True,0,[],6
engine_iteration,231,151,2600652.478024099,1,3,89,0,6,False,applied_after_scheduling,True,0,[],6
engine_iteration,231,152,2600652.488826825,1,3,90,0,6,False,applied_after_scheduling,True,0,[],6
engine_iteration,231,153,2600652.4992704,1,3,91,0,6,False,applied_after_scheduling,True,0,[],6
engine_iteration,231,154,2600652.509738021,1,3,92,0,6,False,applied_after_scheduling,True,0,[],6
engine_iteration,231,155,2600652.520174743,1,3,93,0,6,False,applied_after_scheduling,True,0,[],6
engine_iteration,231,156,2600652.53058893,1,3,94,0,6,False,applied_after_scheduling,True,0,[],6
engine_iteration,231,157,2600652.541017924,1,3,95,0,6,False,applied_after_scheduling,True,0,[],6
engine_iteration,231,158,2600652.555014442,1,3,96,0,6,False,applied_after_scheduling,True,0,[],6
engine_iteration,231,159,2600652.565553129,1,3,97,0,6,False,applied_after_scheduling,True,0,[],6
engine_iteration,231,160,2600652.576771834,1,3,98,0,6,False,applied_after_scheduling,True,0,[],6
engine_iteration,231,161,2600652.587407123,1,3,99,0,6,False,applied_after_scheduling,True,0,[],6
engine_iteration,231,162,2600652.597831371,1,3,100,0,6,False,applied_after_scheduling,True,0,[],6
engine_iteration,231,163,2600652.611835557,1,3,101,0,6,False,applied_after_scheduling,True,0,[],6
engine_iteration,231,164,2600652.622661163,1,3,102,0,6,False,applied_after_scheduling,True,0,[],6
engine_iteration,231,165,2600652.633097415,1,3,103,0,6,False,applied_after_scheduling,True,0,[],6
engine_iteration,231,166,2600652.643538595,1,3,104,0,5,True,applied_after_scheduling,True,0,[],6
engine_iteration,231,167,2600652.654405064,1,3,105,0,5,False,applied_after_scheduling,True,0,[],5
engine_iteration,231,168,2600652.665156878,1,3,106,0,6,True,applied_after_scheduling,True,0,"[""cmpl-dpp1g3-s21-0""]",517
engine_iteration,231,169,2600652.676342859,1,3,107,0,6,False,applied_after_scheduling,True,0,[],6
engine_iteration,231,170,2600652.686901727,1,3,108,0,6,False,applied_after_scheduling,True,0,[],6
engine_iteration,231,171,2600652.697301377,1,3,109,0,6,False,applied_after_scheduling,True,0,[],6
engine_iteration,231,172,2600652.707721359,1,3,110,0,6,False,applied_after_scheduling,True,0,[],6
engine_iteration,231,173,2600652.718051178,1,3,111,0,6,False,applied_after_scheduling,True,0,[],6
engine_iteration,231,174,2600652.728848069,1,3,112,0,6,False,applied_after_scheduling,True,0,[],6
engine_iteration,231,175,2600652.739248217,1,3,113,0,6,False,applied_after_scheduling,True,0,[],6
engine_iteration,231,176,2600652.749680971,1,3,114,0,6,False,applied_after_scheduling,True,0,[],6
engine_iteration,231,177,2600652.759996955,1,3,115,0,6,False,applied_after_scheduling,True,0,[],6
engine_iteration,231,178,2600652.770443186,1,3,116,0,5,True,applied_after_scheduling,True,0,[],6
engine_iteration,231,179,2600652.781945057,1,3,117,0,5,False,applied_after_scheduling,True,0,[],5
engine_iteration,231,180,2600652.795649659,1,3,118,0,6,True,applied_after_scheduling,True,0,"[""cmpl-dpp1g3-s23-0""]",1029
engine_iteration,231,181,2600652.806098194,1,3,119,0,6,False,applied_after_scheduling,True,0,[],6
engine_iteration,231,182,2600652.816453102,1,3,120,0,6,False,applied_after_scheduling,True,0,[],6
engine_iteration,231,183,2600652.826891118,1,3,121,0,6,False,applied_after_scheduling,True,0,[],6
engine_iteration,231,184,2600652.837403889,1,3,122,0,5,True,applied_after_scheduling,True,0,[],6
engine_iteration,231,185,2600652.8480785,1,3,123,0,4,True,applied_after_scheduling,True,0,[],5
engine_iteration,231,186,2600652.858608298,1,3,124,0,4,False,applied_after_scheduling,True,0,[],4
engine_iteration,231,187,2600652.868924421,1,3,125,0,4,False,applied_after_scheduling,True,0,[],4
engine_iteration,231,188,2600652.880056547,1,3,126,0,4,False,applied_after_scheduling,True,0,[],4
engine_iteration,231,189,2600652.890486625,1,3,127,0,4,False,applied_after_scheduling,True,0,[],4
engine_iteration,231,190,2600652.90102399,1,3,128,0,4,False,applied_after_scheduling,True,0,[],4
engine_iteration,231,191,2600652.911322096,1,3,129,0,4,False,applied_after_scheduling,True,0,[],4
engine_iteration,231,192,2600652.921537644,1,3,130,0,4,False,applied_after_scheduling,True,0,[],4
engine_iteration,231,193,2600652.93173191,1,3,131,0,4,False,applied_after_scheduling,True,0,[],4
engine_iteration,231,194,2600652.942042273,1,3,132,0,4,False,applied_after_scheduling,True,0,[],4
engine_iteration,231,195,2600652.95228761,1,3,133,0,4,False,applied_after_scheduling,True,0,[],4
engine_iteration,231,196,2600652.962491959,1,3,134,0,4,False,applied_after_scheduling,True,0,[],4
engine_iteration,231,197,2600652.972724877,1,3,135,0,4,False,applied_after_scheduling,True,0,[],4
engine_iteration,231,198,2600652.983916768,1,3,136,0,4,False,applied_after_scheduling,True,0,[],4
engine_iteration,231,199,2600652.994181162,1,3,137,0,3,True,applied_after_scheduling,True,0,[],4
engine_iteration,231,200,2600653.004563416,1,3,138,0,3,False,applied_after_scheduling,True,0,[],3
engine_iteration,231,201,2600653.014785791,1,3,139,0,3,False,applied_after_scheduling,True,0,[],3
engine_iteration,231,202,2600653.025146713,1,3,140,0,3,False,applied_after_scheduling,True,0,[],3
engine_iteration,231,203,2600653.035378205,1,3,141,0,3,False,applied_after_scheduling,True,0,[],3
engine_iteration,231,204,2600653.045626657,1,3,142,0,3,False,applied_after_scheduling,True,0,[],3
engine_iteration,231,205,2600653.055865405,1,3,143,0,2,True,applied_after_scheduling,True,0,[],3
engine_iteration,231,206,2600653.066312048,1,3,144,0,1,True,applied_after_scheduling,True,0,[],2
engine_iteration,231,207,2600653.076580461,1,3,145,0,1,False,applied_after_scheduling,True,0,[],1
engine_iteration,231,208,2600653.086845831,1,3,146,0,1,False,applied_after_scheduling,True,0,[],1
engine_iteration,231,209,2600653.097035097,1,3,147,0,1,False,applied_after_scheduling,True,0,[],1
engine_iteration,231,210,2600653.107311149,1,3,148,0,1,False,applied_after_scheduling,True,0,[],1
engine_iteration,231,211,2600653.117526794,1,3,149,0,1,False,applied_after_scheduling,True,0,[],1
engine_iteration,231,212,2600653.12773594,1,3,150,0,1,False,applied_after_scheduling,True,0,[],1
engine_iteration,231,213,2600653.137904466,1,3,151,0,1,False,applied_after_scheduling,True,0,[],1
engine_iteration,231,214,2600653.148098107,1,3,152,0,1,False,applied_after_scheduling,True,0,[],1
engine_iteration,231,215,2600653.158248402,1,3,153,0,1,False,applied_after_scheduling,True,0,[],1
engine_iteration,231,216,2600653.168450477,1,3,154,0,1,False,applied_after_scheduling,True,0,[],1
engine_iteration,231,217,2600653.179394167,1,3,155,0,1,False,applied_after_scheduling,True,0,[],1
engine_iteration,231,218,2600653.189524367,1,3,156,0,1,False,applied_after_scheduling,True,0,[],1
engine_iteration,231,219,2600653.199688081,1,3,157,0,1,False,applied_after_scheduling,True,0,[],1
engine_iteration,231,220,2600653.209879939,1,3,158,0,1,False,applied_after_scheduling,True,0,[],1
engine_iteration,231,221,2600653.220065864,1,3,159,0,1,False,applied_after_scheduling,True,0,[],1
engine_iteration,231,222,2600653.230506131,1,3,160,0,1,False,applied_after_scheduling,True,0,[],1
engine_iteration,231,223,2600653.240817021,1,3,161,0,1,False,applied_after_scheduling,True,0,[],1
engine_iteration,231,224,2600653.251103864,1,3,162,0,1,False,applied_after_scheduling,True,0,[],1
engine_iteration,231,225,2600653.261370598,1,3,163,0,1,False,applied_after_scheduling,True,0,[],1
engine_iteration,231,226,2600653.271747789,1,3,164,0,1,False,applied_after_scheduling,True,0,[],1
engine_iteration,231,227,2600653.282702204,1,3,165,0,0,True,applied_after_scheduling,True,0,[],1
engine_iteration,231,228,2600653.282996598,1,3,166,0,0,False,applied_after_scheduling,True,0,[],0
