snapshot,counts_waiting_running,counts_source,wave,publish_monotonic,applied_monotonic,provenance
1,"[[0, 0], [0, 0]]",current,0,2600619.471751647,,"[null, null]"
2,"[[0, 1], [0, 0]]",current,0,2600621.919333757,2600621.919701235,"[{""engine"": 0, ""wave"": 0, ""step"": 0, ""iteration_seq"": 0, ""branch"": ""applied_after_scheduling""}, null]"
3,"[[0, 0], [0, 0]]",current,0,2600622.330624881,2600622.330945327,"[{""engine"": 0, ""wave"": 0, ""step"": 3, ""iteration_seq"": 3, ""branch"": ""applied_after_scheduling""}, null]"
4,"[[0, 1], [0, 0]]",latched_previous_step,0,2600622.438604644,2600622.439291482,"[{""engine"": 0, ""wave"": 0, ""step"": 17, ""iteration_seq"": 5, ""branch"": ""applied_after_scheduling""}, null]"
5,"[[0, 0], [0, 0]]",current,1,2600622.582895199,2600622.583010887,"[{""engine"": 0, ""wave"": 0, ""step"": 20, ""iteration_seq"": 8, ""branch"": ""applied_after_scheduling""}, null]"
6,"[[0, 1], [0, 0]]",latched_previous_step,1,2600623.436709126,2600623.437384571,"[{""engine"": 0, ""wave"": 1, ""step"": 0, ""iteration_seq"": 10, ""branch"": ""applied_after_scheduling""}, null]"
7,"[[0, 0], [0, 0]]",current,1,2600623.536847274,2600623.537106031,"[{""engine"": 0, ""wave"": 1, ""step"": 3, ""iteration_seq"": 13, ""branch"": ""applied_after_scheduling""}, null]"
8,"[[0, 0], [0, 0]]",current,2,2600628.541501372,2600628.541813363,"[{""engine"": 0, ""wave"": 1, ""step"": 3, ""iteration_seq"": 13, ""branch"": ""applied_after_scheduling""}, null]"
9,"[[0, 1], [0, 1]]",current,2,2600631.520470569,2600631.520639526,"[{""engine"": 0, ""wave"": 2, ""step"": 0, ""iteration_seq"": 15, ""branch"": ""applied_after_scheduling""}, {""engine"": 1, ""wave"": 2, ""step"": 0, ""iteration_seq"": 0, ""branch"": ""applied_after_scheduling""}]"
10,"[[0, 3], [0, 2]]",latched_previous_step,2,2600631.699076451,2600631.69923575,"[{""engine"": 0, ""wave"": 2, ""step"": 1, ""iteration_seq"": 16, ""branch"": ""applied_after_scheduling""}, {""engine"": 1, ""wave"": 2, ""step"": 1, ""iteration_seq"": 1, ""branch"": ""applied_after_scheduling""}]"
11,"[[0, 4], [0, 2]]",current,2,2600631.799276469,2600631.79947452,"[{""engine"": 0, ""wave"": 2, ""step"": 2, ""iteration_seq"": 17, ""branch"": ""applied_after_scheduling""}, {""engine"": 1, ""wave"": 2, ""step"": 1, ""iteration_seq"": 1, ""branch"": ""applied_after_scheduling""}]"
12,"[[0, 3], [0, 1]]",latched_previous_step,2,2600632.355018812,2600632.355746324,"[{""engine"": 0, ""wave"": 2, ""step"": 63, ""iteration_seq"": 78, ""branch"": ""applied_after_scheduling""}, {""engine"": 1, ""wave"": 2, ""step"": 63, ""iteration_seq"": 63, ""branch"": ""applied_after_scheduling""}]"
13,"[[0, 2], [0, 0]]",current,2,2600632.455207872,2600632.45552386,"[{""engine"": 0, ""wave"": 2, ""step"": 64, ""iteration_seq"": 79, ""branch"": ""applied_after_scheduling""}, {""engine"": 1, ""wave"": 2, ""step"": 64, ""iteration_seq"": 64, ""branch"": ""applied_after_scheduling""}]"
14,"[[0, 0], [0, 0]]",current,2,2600632.794848832,2600632.795148404,"[{""engine"": 0, ""wave"": 2, ""step"": 65, ""iteration_seq"": 80, ""branch"": ""applied_after_scheduling""}, {""engine"": 1, ""wave"": 2, ""step"": 64, ""iteration_seq"": 64, ""branch"": ""applied_after_scheduling""}]"
15,"[[0, 0], [0, 0]]",current,3,2600637.799173253,2600637.799511879,"[{""engine"": 0, ""wave"": 2, ""step"": 65, ""iteration_seq"": 80, ""branch"": ""applied_after_scheduling""}, {""engine"": 1, ""wave"": 2, ""step"": 64, ""iteration_seq"": 64, ""branch"": ""applied_after_scheduling""}]"
16,"[[0, 0], [0, 0]]",current,3,2600642.804332541,2600642.804640034,"[{""engine"": 0, ""wave"": 2, ""step"": 65, ""iteration_seq"": 80, ""branch"": ""applied_after_scheduling""}, {""engine"": 1, ""wave"": 2, ""step"": 64, ""iteration_seq"": 64, ""branch"": ""applied_after_scheduling""}]"
17,"[[0, 0], [0, 0]]",current,3,2600647.80772686,2600647.807992254,"[{""engine"": 0, ""wave"": 2, ""step"": 65, ""iteration_seq"": 80, ""branch"": ""applied_after_scheduling""}, {""engine"": 1, ""wave"": 2, ""step"": 64, ""iteration_seq"": 64, ""branch"": ""applied_after_scheduling""}]"
18,"[[0, 1], [0, 0]]",current,3,2600651.478403214,2600651.478584072,"[{""engine"": 0, ""wave"": 3, ""step"": 0, ""iteration_seq"": 82, ""branch"": ""applied_after_scheduling""}, {""engine"": 1, ""wave"": 2, ""step"": 64, ""iteration_seq"": 64, ""branch"": ""applied_after_scheduling""}]"
19,"[[0, 1], [0, 1]]",latched_previous_step,3,2600651.579038364,2600651.579217842,"[{""engine"": 0, ""wave"": 3, ""step"": 0, ""iteration_seq"": 82, ""branch"": ""applied_after_scheduling""}, {""engine"": 1, ""wave"": 3, ""step"": 4, ""iteration_seq"": 66, ""branch"": ""applied_after_scheduling""}]"
20,"[[0, 2], [0, 2]]",latched_previous_step,3,2600651.678932468,2600651.679102757,"[{""engine"": 0, ""wave"": 3, ""step"": 14, ""iteration_seq"": 96, ""branch"": ""applied_after_scheduling""}, {""engine"": 1, ""wave"": 3, ""step"": 9, ""iteration_seq"": 71, ""branch"": ""applied_after_scheduling""}]"
21,"[[0, 4], [0, 2]]",latched_previous_step,3,2600651.77835526,2600651.778521059,"[{""engine"": 0, ""wave"": 3, ""step"": 23, ""iteration_seq"": 105, ""branch"": ""applied_after_scheduling""}, {""engine"": 1, ""wave"": 3, ""step"": 9, ""iteration_seq"": 71, ""branch"": ""applied_after_scheduling""}]"
22,"[[0, 4], [0, 4]]",latched_previous_step,3,2600651.878842478,2600651.879014298,"[{""engine"": 0, ""wave"": 3, ""step"": 23, ""iteration_seq"": 105, ""branch"": ""applied_after_scheduling""}, {""engine"": 1, ""wave"": 3, ""step"": 34, ""iteration_seq"": 96, ""branch"": ""applied_after_scheduling""}]"
23,"[[0, 5], [0, 3]]",latched_previous_step,3,2600651.979075878,2600651.979262413,"[{""engine"": 0, ""wave"": 3, ""step"": 38, ""iteration_seq"": 120, ""branch"": ""applied_after_scheduling""}, {""engine"": 1, ""wave"": 3, ""step"": 35, ""iteration_seq"": 97, ""branch"": ""applied_after_scheduling""}]"
24,"[[0, 6], [0, 3]]",latched_previous_step,3,2600652.07915447,2600652.079370144,"[{""engine"": 0, ""wave"": 3, ""step"": 44, ""iteration_seq"": 126, ""branch"": ""applied_after_scheduling""}, {""engine"": 1, ""wave"": 3, ""step"": 35, ""iteration_seq"": 97, ""branch"": ""applied_after_scheduling""}]"
25,"[[0, 5], [0, 5]]",latched_previous_step,3,2600652.179754002,2600652.179965794,"[{""engine"": 0, ""wave"": 3, ""step"": 61, ""iteration_seq"": 143, ""branch"": ""applied_after_scheduling""}, {""engine"": 1, ""wave"": 3, ""step"": 59, ""iteration_seq"": 121, ""branch"": ""applied_after_scheduling""}]"
26,"[[0, 5], [0, 5]]",latched_previous_step,3,2600652.279641901,2600652.279848308,"[{""engine"": 0, ""wave"": 3, ""step"": 64, ""iteration_seq"": 146, ""branch"": ""applied_after_scheduling""}, {""engine"": 1, ""wave"": 3, ""step"": 59, ""iteration_seq"": 121, ""branch"": ""applied_after_scheduling""}]"
27,"[[0, 6], [0, 5]]",latched_previous_step,3,2600652.380163157,2600652.380353241,"[{""engine"": 0, ""wave"": 3, ""step"": 75, ""iteration_seq"": 157, ""branch"": ""applied_after_scheduling""}, {""engine"": 1, ""wave"": 3, ""step"": 59, ""iteration_seq"": 121, ""branch"": ""applied_after_scheduling""}]"
28,"[[0, 5], [0, 5]]",latched_previous_step,3,2600652.480667425,2600652.480839994,"[{""engine"": 0, ""wave"": 3, ""step"": 81, ""iteration_seq"": 163, ""branch"": ""applied_after_scheduling""}, {""engine"": 1, ""wave"": 3, ""step"": 81, ""iteration_seq"": 143, ""branch"": ""applied_after_scheduling""}]"
29,"[[0, 5], [0, 6]]",latched_previous_step,3,2600652.580324726,2600652.580496208,"[{""engine"": 0, ""wave"": 3, ""step"": 95, ""iteration_seq"": 177, ""branch"": ""applied_after_scheduling""}, {""engine"": 1, ""wave"": 3, ""step"": 85, ""iteration_seq"": 147, ""branch"": ""applied_after_scheduling""}]"
30,"[[0, 5], [0, 5]]",latched_previous_step,3,2600652.680751111,2600652.680918947,"[{""engine"": 0, ""wave"": 3, ""step"": 101, ""iteration_seq"": 183, ""branch"": ""applied_after_scheduling""}, {""engine"": 1, ""wave"": 3, ""step"": 104, ""iteration_seq"": 166, ""branch"": ""applied_after_scheduling""}]"
31,"[[0, 6], [0, 6]]",latched_previous_step,3,2600652.780994025,2600652.781188862,"[{""engine"": 0, ""wave"": 3, ""step"": 112, ""iteration_seq"": 194, ""branch"": ""applied_after_scheduling""}, {""engine"": 1, ""wave"": 3, ""step"": 106, ""iteration_seq"": 168, ""branch"": ""applied_after_scheduling""}]"
32,"[[0, 5], [0, 5]]",latched_previous_step,3,2600652.880352202,2600652.880512502,"[{""engine"": 0, ""wave"": 3, ""step"": 121, ""iteration_seq"": 203, ""branch"": ""applied_after_scheduling""}, {""engine"": 1, ""wave"": 3, ""step"": 122, ""iteration_seq"": 184, ""branch"": ""applied_after_scheduling""}]"
33,"[[0, 5], [0, 4]]",current,3,2600652.980559857,2600652.980717109,"[{""engine"": 0, ""wave"": 3, ""step"": 121, ""iteration_seq"": 203, ""branch"": ""applied_after_scheduling""}, {""engine"": 1, ""wave"": 3, ""step"": 123, ""iteration_seq"": 185, ""branch"": ""applied_after_scheduling""}]"
34,"[[0, 4], [0, 2]]",latched_previous_step,3,2600653.080574594,2600653.080739671,"[{""engine"": 0, ""wave"": 3, ""step"": 143, ""iteration_seq"": 225, ""branch"": ""applied_after_scheduling""}, {""engine"": 1, ""wave"": 3, ""step"": 143, ""iteration_seq"": 205, ""branch"": ""applied_after_scheduling""}]"
35,"[[0, 4], [0, 1]]",current,3,2600653.180787691,2600653.180960112,"[{""engine"": 0, ""wave"": 3, ""step"": 143, ""iteration_seq"": 225, ""branch"": ""applied_after_scheduling""}, {""engine"": 1, ""wave"": 3, ""step"": 144, ""iteration_seq"": 206, ""branch"": ""applied_after_scheduling""}]"
36,"[[0, 2], [0, 1]]",latched_previous_step,3,2600653.282995224,2600653.283293936,"[{""engine"": 0, ""wave"": 3, ""step"": 164, ""iteration_seq"": 246, ""branch"": ""applied_after_scheduling""}, {""engine"": 1, ""wave"": 3, ""step"": 144, ""iteration_seq"": 206, ""branch"": ""applied_after_scheduling""}]"
37,"[[0, 2], [0, 0]]",current,3,2600653.383137871,2600653.383270093,"[{""engine"": 0, ""wave"": 3, ""step"": 164, ""iteration_seq"": 246, ""branch"": ""applied_after_scheduling""}, {""engine"": 1, ""wave"": 3, ""step"": 165, ""iteration_seq"": 227, ""branch"": ""applied_after_scheduling""}]"
38,"[[0, 1], [0, 0]]",current,3,2600653.539614745,2600653.539777992,"[{""engine"": 0, ""wave"": 3, ""step"": 185, ""iteration_seq"": 267, ""branch"": ""applied_after_scheduling""}, {""engine"": 1, ""wave"": 3, ""step"": 165, ""iteration_seq"": 227, ""branch"": ""applied_after_scheduling""}]"
39,"[[0, 0], [0, 0]]",current,3,2600653.762770269,2600653.762924442,"[{""engine"": 0, ""wave"": 3, ""step"": 207, ""iteration_seq"": 289, ""branch"": ""applied_after_scheduling""}, {""engine"": 1, ""wave"": 3, ""step"": 165, ""iteration_seq"": 227, ""branch"": ""applied_after_scheduling""}]"
40,"[[0, 0], [0, 0]]",current,4,2600658.767258663,2600658.767567413,"[{""engine"": 0, ""wave"": 3, ""step"": 207, ""iteration_seq"": 289, ""branch"": ""applied_after_scheduling""}, {""engine"": 1, ""wave"": 3, ""step"": 165, ""iteration_seq"": 227, ""branch"": ""applied_after_scheduling""}]"
41,"[[0, 1], [0, 0]]",current,4,2600660.8464681,2600660.84666247,"[{""engine"": 0, ""wave"": 4, ""step"": 0, ""iteration_seq"": 291, ""branch"": ""applied_after_scheduling""}, {""engine"": 1, ""wave"": 3, ""step"": 165, ""iteration_seq"": 227, ""branch"": ""applied_after_scheduling""}]"
42,"[[0, 0], [0, 0]]",current,4,2600660.946578151,2600660.946813023,"[{""engine"": 0, ""wave"": 4, ""step"": 7, ""iteration_seq"": 298, ""branch"": ""applied_after_scheduling""}, {""engine"": 1, ""wave"": 3, ""step"": 165, ""iteration_seq"": 227, ""branch"": ""applied_after_scheduling""}]"
43,"[[0, 1], [0, 0]]",current,5,2600664.846075094,2600664.846243406,"[{""engine"": 0, ""wave"": 5, ""step"": 0, ""iteration_seq"": 300, ""branch"": ""applied_after_scheduling""}, {""engine"": 1, ""wave"": 3, ""step"": 165, ""iteration_seq"": 227, ""branch"": ""applied_after_scheduling""}]"
44,"[[0, 0], [0, 0]]",current,5,2600664.94564326,2600664.945881658,"[{""engine"": 0, ""wave"": 5, ""step"": 7, ""iteration_seq"": 307, ""branch"": ""applied_after_scheduling""}, {""engine"": 1, ""wave"": 3, ""step"": 165, ""iteration_seq"": 227, ""branch"": ""applied_after_scheduling""}]"
45,"[[0, 1], [0, 0]]",current,6,2600668.86267663,2600668.86287314,"[{""engine"": 0, ""wave"": 6, ""step"": 0, ""iteration_seq"": 309, ""branch"": ""applied_after_scheduling""}, {""engine"": 1, ""wave"": 3, ""step"": 165, ""iteration_seq"": 227, ""branch"": ""applied_after_scheduling""}]"
46,"[[0, 0], [0, 0]]",current,6,2600668.962968757,2600668.963218228,"[{""engine"": 0, ""wave"": 6, ""step"": 7, ""iteration_seq"": 316, ""branch"": ""applied_after_scheduling""}, {""engine"": 1, ""wave"": 3, ""step"": 165, ""iteration_seq"": 227, ""branch"": ""applied_after_scheduling""}]"
47,"[[0, 1], [0, 0]]",current,7,2600672.906150124,2600672.906320182,"[{""engine"": 0, ""wave"": 7, ""step"": 0, ""iteration_seq"": 318, ""branch"": ""applied_after_scheduling""}, {""engine"": 1, ""wave"": 3, ""step"": 165, ""iteration_seq"": 227, ""branch"": ""applied_after_scheduling""}]"
48,"[[0, 0], [0, 0]]",current,7,2600673.006379893,2600673.006560616,"[{""engine"": 0, ""wave"": 7, ""step"": 7, ""iteration_seq"": 325, ""branch"": ""applied_after_scheduling""}, {""engine"": 1, ""wave"": 3, ""step"": 165, ""iteration_seq"": 227, ""branch"": ""applied_after_scheduling""}]"
49,"[[0, 1], [0, 0]]",current,8,2600677.383294899,2600677.383543069,"[{""engine"": 0, ""wave"": 8, ""step"": 0, ""iteration_seq"": 327, ""branch"": ""applied_after_scheduling""}, {""engine"": 1, ""wave"": 3, ""step"": 165, ""iteration_seq"": 227, ""branch"": ""applied_after_scheduling""}]"
50,"[[0, 0], [0, 0]]",current,8,2600677.484196321,2600677.484466238,"[{""engine"": 0, ""wave"": 8, ""step"": 7, ""iteration_seq"": 334, ""branch"": ""applied_after_scheduling""}, {""engine"": 1, ""wave"": 3, ""step"": 165, ""iteration_seq"": 227, ""branch"": ""applied_after_scheduling""}]"
