Time (%),Total Time (ns),Instances,Avg (ns),Med (ns),Min (ns),Max (ns),StdDev (ns),Name
31.4,240982022,772,312152.9,97712.0,75713,2725571,378478.4,ncclDevKernel_AllReduce_Sum_bf16_RING_LL(ncclDevKernelArgsStorage<(unsigned long)4096>)
18.9,145422558,1536,94676.1,10544.0,3488,1042086,201472.6,ncclDevKernel_Broadcast_RING_LL(ncclDevKernelArgsStorage<(unsigned long)4096>)
16.9,129767571,388,334452.5,6208.0,4064,2585709,446689.1,"void vllm::cross_device_reduce_1stage<__nv_bfloat16, (int)4>(vllm::RankData *, vllm::RankSignals, vllm::Signal *, T1 *, int, int)"
10.8,82787161,768,107795.8,106817.0,79169,145537,26091.2,fused_moe_kernel
7.4,56472668,384,147064.2,147104.0,145440,148513,626.8,"void vllm::act_and_mul_kernel<c10::BFloat16, &vllm::silu_kernel<c10::BFloat16>, (bool)1>(T1 *, const T1 *, int)"
2.8,21360958,384,55627.5,55552.0,53536,59009,902.1,"void at::native::reduce_kernel<(int)128, (int)4, at::native::ReduceOp<c10::BFloat16, at::native::func_wrapper_t<c10::BFloat16, at::native::sum_functor<c10::BFloat16, float, c10::BFloat16>::operator ()(at::TensorIterator &)::[lambda(float, float) (instance 1)]>, unsigned int, c10::BFloat16, (int)4, (int)4>>(T3)"
2.5,19397832,192,101030.4,100656.0,98561,104225,1245.1,"void flashinfer::PrefillWithKVCacheKernel<flashinfer::SparseCollectiveMainloop<PagedParams::AdditionalParams, flashinfer::AttentionKernelTraits<(bool)0, (int)128, (int)128, (int)128, (int)96, (int)2, cutlass::bfloat16_t, cutlass::bfloat16_t, cutlass::bfloat16_t, int, flashinfer::StandardAttention>, (bool)1, (bool)0>, flashinfer::CollectiveEpilogue<flashinfer::AttentionKernelTraits<(bool)0, (int)128, (int)128, (int)128, (int)96, (int)2, cutlass::bfloat16_t, cutlass::bfloat16_t, cutlass::bfloat16_t, int, flashinfer::StandardAttention>>, flashinfer::AttentionKernelTraits<(bool)0, (int)128, (int)128, (int)128, (int)96, (int)2, cutlass::bfloat16_t, cutlass::bfloat16_t, cutlass::bfloat16_t, int, flashinfer::StandardAttention>, (bool)0, (bool)1, flashinfer::BatchPrefillPersistentTileScheduler<int>, (bool)0>(T1::Params, T2::Params, T6::Params)"
1.1,8475454,3072,2758.9,2784.0,2368,3744,259.7,"void at::native::elementwise_kernel<(int)128, (int)4, void at::native::gpu_kernel_impl<at::native::direct_copy_kernel_cuda(at::TensorIteratorBase &)::[lambda() (instance 3)]::operator ()() const::[lambda() (instance 3)]::operator ()() const::[lambda(int) (instance 1)]>(at::TensorIteratorBase &, const T1 &)::[lambda(int) (instance 1)]>(int, T3)"
0.9,7273887,768,9471.2,9568.0,2048,17856,6978.6,"std::enable_if<T2>(int)0&&vllm::_typeConvert<T1>::exists, void>::type vllm::fused_add_rms_norm_kernel<c10::BFloat16, (int)8>(T1 *, long, T1 *, const T1 *, float, int, int)"
0.8,6411163,776,8261.8,3760.0,1824,34464,9216.5,"void vllm::rms_norm_kernel<c10::BFloat16>(T1 *, const T1 *, long, const T1 *, float, int, int)"
0.8,6305919,3072,2052.7,2080.0,1888,2560,103.9,"void at::native::vectorized_elementwise_kernel<(int)2, at::native::BUnaryFunctor<long, long, long, at::native::remainder_kernel_cuda(at::TensorIteratorBase &)::[lambda() (instance 1)]::operator ()() const::[lambda() (instance 4)]::operator ()() const::[lambda(long, long) (instance 1)]>, std::array<char *, (unsigned long)2>>(int, T2, T3)"
0.8,5827924,192,30353.8,30368.5,29792,31296,347.7,nvjet_tst_320x128_64x3_1x2_h_bz_coopB_TNT
0.6,4942991,192,25744.7,25744.5,25440,26496,158.3,nvjet_tst_256x128_64x4_1x2_h_bz_coopA_TNT
0.6,4303218,384,11206.3,11200.0,10944,11872,135.6,"void vllm::moe::moe_align_block_size_kernel<int>(const T1 *, int *, int *, int *, int, int, int, int, unsigned long, int *, int)"
0.5,4086871,3072,1330.4,1344.0,1120,2304,148.3,"void at::native::vectorized_elementwise_kernel<(int)2, at::native::CUDAFunctorOnSelf_add<long>, std::array<char *, (unsigned long)2>>(int, T2, T3)"
0.5,4082733,3072,1329.0,1344.0,1120,2048,133.3,"void at::native::vectorized_elementwise_kernel<(int)2, at::native::AUnaryFunctor<long, long, long, at::native::binary_internal::MulFunctor<long>>, std::array<char *, (unsigned long)2>>(int, T2, T3)"
0.5,3560393,384,9271.9,9472.0,1760,16864,6823.2,"void vllm::rotary_embedding_kernel<c10::BFloat16, (bool)1>(const long *, T1 *, T1 *, const T1 *, int, long, long, long, int, int, int)"
0.3,2511466,384,6540.3,6800.0,3136,10336,3049.3,"void at::native::elementwise_kernel<(int)128, (int)4, void at::native::gpu_kernel_impl_nocast<at::native::direct_copy_kernel_cuda(at::TensorIteratorBase &)::[lambda() (instance 3)]::operator ()() const::[lambda() (instance 12)]::operator ()() const::[lambda(c10::BFloat16) (instance 1)]>(at::TensorIteratorBase &, const T1 &)::[lambda(int) (instance 1)]>(int, T3)"
0.2,1899882,384,4947.6,4960.0,4320,5920,335.5,"void at::native::index_elementwise_kernel<(int)128, (int)4, void at::native::gpu_index_kernel<void at::native::index_kernel_impl<at::native::OpaqueType<(int)4>>(at::TensorIteratorBase &, c10::ArrayRef<long>, c10::ArrayRef<long>)::[lambda(char *, const char *, long) (instance 1)]>(at::TensorIteratorBase &, c10::ArrayRef<long>, c10::ArrayRef<long>, const T1 &, bool)::[lambda(int) (instance 1)]>(long, T3)"
0.2,1475462,192,7684.7,7680.0,7392,8416,176.3,"void vllm::reshape_and_cache_flash_kernel<__nv_bfloat16, __nv_bfloat16, (vllm::Fp8KVCacheDataType)0>(const T1 *, const T1 *, T2 *, T2 *, const long *, long, long, long, long, long, int, int, int, const float *, const float *)"
0.2,1361410,192,7090.7,7072.0,6752,7776,134.2,nvjet_tst_64x64_64x13_2x1_v_bz_TNT
0.2,1257415,192,6549.0,6528.0,6144,7457,227.6,nvjet_tst_16x64_64x16_4x1_v_bz_TNN
0.2,1181731,384,3077.4,3072.0,2976,3584,67.2,"void vllm::moe::count_and_sort_expert_tokens_kernel<int>(const T1 *, int *, int *, unsigned long)"
0.1,1020420,192,5314.7,5312.0,4992,6240,165.6,nvjet_tst_64x8_64x16_2x1_v_bz_TNT
0.1,953253,192,4964.9,4928.0,4448,6080,183.2,nvjet_tst_64x8_64x16_4x1_v_bz_TNT
0.1,947970,384,2468.7,2880.0,864,4544,1318.9,"void at::native::vectorized_elementwise_kernel<(int)8, at::native::FillFunctor<c10::BFloat16>, std::array<char *, (unsigned long)1>>(int, T2, T3)"
0.1,905923,386,2347.0,2368.0,1792,2912,82.5,"void at::native::unrolled_elementwise_kernel<at::native::direct_copy_kernel_cuda(at::TensorIteratorBase &)::[lambda() (instance 3)]::operator ()() const::[lambda() (instance 4)]::operator ()() const::[lambda(long) (instance 1)], std::array<char *, (unsigned long)2>, (int)4, TrivialOffsetCalculator<(int)1, unsigned int>, TrivialOffsetCalculator<(int)1, unsigned int>, at::native::memory::LoadWithCast<(int)1>, at::native::memory::StoreWithCast<(int)1>>(int, T1, T2, T4, T5, T6, T7)"
0.1,897860,192,4676.4,4640.0,4352,5792,209.1,"void flashinfer::BlockSparseIndicesToVectorSparseOffsetsKernel<int>(T1 *, T1 *, T1 *, T1 *, T1 *, unsigned int, unsigned int, unsigned int, flashinfer::uint_fastdiv)"
0.1,814401,192,4241.7,4256.0,4064,4576,83.6,"void at::native::vectorized_elementwise_kernel<(int)8, at::native::AUnaryFunctor<c10::BFloat16, c10::BFloat16, c10::BFloat16, at::native::binary_internal::MulFunctor<float>>, std::array<char *, (unsigned long)2>>(int, T2, T3)"
0.1,476160,384,1240.0,1216.0,1152,2016,100.5,"void at::native::vectorized_elementwise_kernel<(int)4, at::native::FillFunctor<float>, std::array<char *, (unsigned long)1>>(int, T2, T3)"
0.1,458498,384,1194.0,1184.0,1120,1792,71.3,"void <unnamed>::elementwise_kernel_with_index<int, at::native::arange_cuda_out(const c10::Scalar &, const c10::Scalar &, const c10::Scalar &, at::Tensor &)::[lambda() (instance 1)]::operator ()() const::[lambda() (instance 4)]::operator ()() const::[lambda(long) (instance 1)]>(T1, T2, function_traits<T2>::result_type *)"
0.0,96800,2,48400.0,48400.0,48320,48480,113.1,nvjet_tst_384x8_64x4_4x1_v_bz_TNT
0.0,84193,8,10524.1,10496.0,2016,19233,8952.1,"void at::native::elementwise_kernel<(int)128, (int)4, void at::native::gpu_kernel_impl_nocast<at::native::<unnamed>::masked_fill_kernel(at::TensorIterator &, const c10::Scalar &)::[lambda() (instance 1)]::operator ()() const::[lambda() (instance 12)]::operator ()() const::[lambda(c10::BFloat16, bool) (instance 1)]>(at::TensorIteratorBase &, const T1 &)::[lambda(int) (instance 1)]>(int, T3)"
0.0,25952,4,6488.0,5648.0,5600,9056,1712.2,"void at::native::vectorized_gather_kernel<(int)16, long>(char *, char *, T2 *, int, long, long, long, long, bool)"
0.0,23232,6,3872.0,3808.0,3744,4128,147.3,"void at::native::index_elementwise_kernel<(int)128, (int)4, void at::native::gpu_index_kernel<void at::native::index_kernel_impl<at::native::OpaqueType<(int)2>>(at::TensorIteratorBase &, c10::ArrayRef<long>, c10::ArrayRef<long>)::[lambda(char *, const char *, long) (instance 1)]>(at::TensorIteratorBase &, c10::ArrayRef<long>, c10::ArrayRef<long>, const T1 &, bool)::[lambda(int) (instance 1)]>(long, T3)"
0.0,10720,4,2680.0,2656.0,2656,2752,48.0,"void at::native::<unnamed>::indexSelectSmallIndex<c10::BFloat16, long, unsigned int, (int)2, (int)2, (int)-2>(at::cuda::detail::TensorInfo<T1, T3>, at::cuda::detail::TensorInfo<const T1, T3>, at::cuda::detail::TensorInfo<const T2, T3>, int, int, T3, long)"
0.0,7296,4,1824.0,1824.0,1792,1856,26.1,_copy_page_indices_kernel
0.0,6144,4,1536.0,1536.0,1504,1568,26.1,triton_poi_fused_add_bitwise_and_bitwise_not_bitwise_or_ge_lt_mul_sub_0
0.0,6016,4,1504.0,1472.0,1440,1632,86.7,triton_poi_fused_add_bitwise_and_bitwise_or_ge_lt_mul_sub_0
0.0,5312,4,1328.0,1328.0,1312,1344,18.5,"void at::native::unrolled_elementwise_kernel<at::native::CUDAFunctorOnSelf_add<int>, std::array<char *, (unsigned long)2>, (int)4, TrivialOffsetCalculator<(int)1, unsigned int>, TrivialOffsetCalculator<(int)1, unsigned int>, at::native::memory::LoadWithoutCast, at::native::memory::StoreWithoutCast>(int, T1, T2, T4, T5, T6, T7)"
0.0,4832,4,1208.0,1216.0,1184,1216,16.0,triton_poi_fused_bitwise_and_bitwise_not_bitwise_or_ge_lt_1
